id;node_orig;node_dest
52;57732;5723
53;57732;5723
56;126984;4752
114;103701;24345
115;77160;79375
116;79375;77160
118;77160;81413
121;70537;59124
122;77160;53311
123;79510;77160
124;77160;79375
125;79375;77160
126;120733;24373
128;65248;22229
129;76064;17545
130;61273;1616
131;3085;100493
132;3599;3589
133;4475;3807
134;3589;63059
135;60729;22257
137;24373;75124
139;126994;89640
140;4749;3501
141;16541;76435
142;56635;64116
143;89640;3501
144;3304;16482
145;98140;86392
147;82596;3080
148;22253;65248
149;120733;24373
151;16749;73103
152;60657;4752
153;16483;3304
154;16916;13383
155;65248;22253
157;86392;61276
159;85337;3807
160;16745;64113
161;24373;120733
162;16745;233
163;60096;5524
164;233;64115
165;86366;85315
166;89640;3501
167;75201;3267
168;86504;59283
169;3607;58503
172;17545;79375
174;127332;60656
175;3304;16483
176;60656;127332
177;75152;75239
178;79375;77160
179;120733;3298
180;6614;162
182;5533;66113
184;65248;22253
185;16141;17090
186;63900;3300
188;88483;64100
189;7810;7739
190;63059;275
191;233;56142
192;57677;92348
194;64053;56812
195;273;4489
196;17090;15862
197;57985;1616
198;66113;61161
199;86884;86890
200;15867;16141
202;89350;55411
203;3535;85091
205;1446;127333
206;89348;16483
207;76933;79498
208;78256;10480
209;78256;79776
210;3305;87587
211;68157;61811
212;85201;6735
213;22253;65248
214;55414;85201
215;57466;8580
216;76064;17544
220;17545;77160
222;77160;81413
223;76918;77160
224;15367;49783
225;61023;68712
226;65248;22253
229;76064;17545
230;63059;3393
232;3406;61257
233;4264;51757
237;149555;127971
239;53712;11614
241;85337;3807
243;3535;15356
244;79776;45116
247;5205;16738
248;75098;82998
252;13999;3162
253;5533;60096
254;89640;14835
255;77043;79446
258;3162;10717
259;24132;61811
262;88902;6731
263;17545;88884
264;17312;56708
265;53073;1486
266;48178;57351
267;61811;77131
268;77160;79375
269;10717;51833
270;3305;85201
272;61361;85337
274;76698;61023
277;57351;64781
278;3535;4510
279;56828;88678
281;162068;127933
282;5245;64470
283;4331;77765
284;5559;4126
287;76064;65317
288;76255;11614
289;61023;61023
291;67492;160
293;160;3589
294;76255;11614
295;75128;28600
296;405;3162
298;61971;64100
299;92934;52706
300;127964;85232
301;136654;81527
303;86402;3589
304;77064;4475
305;4542;87429
306;88896;76747
307;65317;77160
309;77160;79375
310;5245;77162
311;62906;88622
314;16668;85073
315;79777;56197
316;56197;5514
319;103027;86704
330;55745;97272
331;64001;4401
333;5245;57351
334;77763;77765
335;65150;88909
336;4415;79392
337;62230;27575
338;4393;85138
339;57351;5245
343;51380;9757
345;84975;75151
346;18908;77713
347;79514;76447
348;77713;13383
349;88483;64100
350;65141;111625
352;65248;22253
353;5245;10398
354;5628;47579
355;85977;87020
356;76064;17545
358;4553;85076
359;30196;92989
360;49783;15367
361;78970;125
367;18784;16732
368;16732;18784
369;27634;63059
371;17312;55110
372;84955;5240
375;88848;148039
376;54760;68374
381;24373;88693
383;9757;51380
384;111625;68003
386;48533;65248
388;27078;77713
389;52761;76255
391;127615;88482
392;137666;11286
395;75102;4308
397;8140;113976
398;4387;63059
399;9221;79375
400;51757;61340
401;59909;4641
402;57551;6751
403;79394;78334
404;57711;4475
405;17223;4553
406;79375;77160
408;79400;9757
410;84975;75151
411;77713;75128
412;57985;57283
413;82161;86366
414;51779;61967
416;65141;111625
417;77102;4235
418;87429;22253
419;61967;273
421;12708;47579
422;67529;85884
423;1508;4750
424;61276;92989
425;76064;17545
426;52544;139148
427;76278;125
428;3614;9193
430;76255;11614
431;77769;98140
432;1486;83001
433;88482;139329
434;76058;61501
435;3586;61009
438;89235;52545
439;51572;4617
440;88604;76539
441;58837;60662
442;54760;23923
443;68374;54760
444;77027;77120
445;18618;33800
446;60928;4848
448;10621;90018
449;57985;77066
451;79770;4412
452;9757;51380
453;25452;77713
454;56120;57351
455;89352;88093
456;15764;27580
457;4235;77102
458;9941;88884
459;11286;4244
460;53250;18934
461;4475;60999
462;22253;61064
463;88909;63995
464;3625;52494
465;88887;81413
467;61064;4655
468;85004;75539
469;77066;77066
470;57078;76747
471;60624;4776
472;127934;89452
473;89452;51728
474;75386;65178
475;103703;3449
476;79498;67005
477;1446;75239
479;62493;68374
480;81413;77160
482;18934;53250
483;51380;9748
484;56975;78814
485;78814;84382
486;22592;89640
487;22591;89640
488;273;57985
489;65248;22253
493;58806;58806
494;64508;56176
495;4848;60928
497;77713;13383
498;65178;58416
499;84964;84392
500;76064;17545
502;3447;3447
503;127333;1446
504;3582;4452
506;58051;60619
507;61061;4429
508;76255;11614
510;79863;92988
515;64468;79448
516;4274;76539
518;75102;68512
519;88140;103493
520;53688;73961
521;125;66143
522;53250;18934
523;75268;58073
526;58073;3589
527;3408;155157
528;11188;5366
530;14741;9014
531;88542;75128
533;49786;16737
534;80820;4414
535;40292;4848
536;51757;68512
538;89351;16745
539;161;85523
540;111625;4574
542;139;6731
544;79777;127333
546;13383;18912
547;9941;77333
548;36352;88985
550;4442;127262
551;57804;3739
552;59626;4641
554;56812;61273
555;18866;18866
556;127262;68860
557;4350;67495
558;22253;65248
559;88576;88169
560;11614;76255
561;77928;61494
565;88576;88576
568;9757;51380
570;85435;88138
571;51758;86363
572;61059;3449
573;78483;79389
576;14439;3520
578;10370;11312
579;18934;53250
580;3449;4749
581;87959;55053
582;88693;76447
583;60057;125
584;79400;9757
586;51843;92988
587;84975;48559
588;64100;89346
589;4414;88491
591;4414;127267
592;78309;3339
593;127933;79774
594;77713;13383
595;65208;162
596;21502;63984
597;15367;3398
601;77770;161
602;155157;89350
603;67645;48104
604;15366;3391
605;113976;8140
607;59071;47579
609;65825;49778
610;64486;56176
611;4848;60928
612;52653;58124
613;68515;3582
614;60099;3588
615;4552;18939
616;79395;3301
617;61974;68086
619;65178;58416
621;17693;92348
622;76058;88556
623;51757;73913
624;76054;49779
625;92363;13383
626;82283;89349
628;127939;160
629;52178;68749
630;87900;69255
632;64060;75539
633;77160;56846
634;161;3569
635;24131;3398
636;57314;61064
637;61064;76552
638;159;75155
639;52761;25049
640;88483;64100
641;3569;77762
643;49779;65022
644;78638;49779
646;57600;58806
647;88438;61001
649;1446;127333
650;76065;3772
652;57351;10398
653;162067;3304
654;59242;60646
655;55110;89349
656;218;57373
657;3535;52542
660;69255;77663
662;68519;4546
663;6737;37208
664;52201;127615
666;75237;49783
667;53269;57352
669;103609;61525
670;53949;23920
672;91044;139148
674;77066;4251
675;52201;91044
677;127262;36437
680;372;372
682;75653;84523
683;125;66143
685;89350;79478
686;1446;57979
687;3030;18934
688;3390;15366
689;56205;8601
690;61023;92302
691;18362;4848
692;49786;76461
694;11188;86363
699;57551;4700
700;61065;78716
701;89640;22592
702;89640;22592
703;53959;75236
704;27078;18912
705;49786;79922
706;61276;63060
707;36352;4414
708;89349;155157
709;68749;52178
710;4113;103609
711;11312;10370
712;49785;22883
713;56142;1450
714;92348;17693
717;51635;83907
718;10370;60101
720;22253;4615
721;9757;51380
723;11614;76255
726;103609;106723
727;88887;51757
728;79922;88840
729;4458;106723
730;55002;60706
731;61361;52852
732;59626;24352
733;4702;24359
734;83001;3288
735;49785;76995
736;59869;75239
737;126978;61948
738;79776;62147
742;34561;18783
744;63920;17545
745;9941;79375
749;64800;16745
751;76995;65178
752;71686;51691
756;4370;75118
757;14335;51635
758;68374;54760
759;16745;64800
760;79375;77160
763;63060;4552
764;64060;75539
765;11069;54887
766;77756;77756
767;5344;89640
768;88858;92370
769;87959;55002
770;92370;88858
771;53770;125
772;75269;281
775;87952;89349
776;87952;5358
777;4773;8192
779;77770;53045
780;64078;114
781;21502;75235
782;88894;6686
783;87429;154100
784;17356;55881
785;127139;23904
786;61023;61023
787;64508;56176
789;78874;57768
790;162;56635
791;6614;162
793;79393;55486
794;79649;60928
795;4340;87832
798;90018;85884
799;18934;53250
800;4105;102697
802;68374;54760
805;33800;47608
806;11286;24356
807;60147;401
808;76460;110527
809;76064;17545
810;3638;3661
812;68515;75594
813;3638;88543
814;86884;87020
815;275;76070
816;110527;54803
819;77770;98140
820;76054;75202
821;53776;10375
825;55109;67004
826;5708;21629
828;60099;59242
829;54887;23917
830;65178;58416
831;76255;11614
832;76054;3288
833;64800;64002
834;57768;127155
835;23917;22259
836;12708;47579
839;2637;4452
841;85884;88886
842;6599;6599
845;62193;5591
848;85512;111930
853;8407;9015
854;3264;88680
855;53049;4414
856;6684;68519
857;71063;277
858;401;66143
859;24356;88904
860;44907;54607
861;86366;126978
862;61333;63059
863;3588;51941
864;52512;80244
865;126977;135
866;89349;87952
867;49786;106723
868;55106;79452
869;15764;77169
871;85251;4848
872;54887;58427
873;86366;126978
874;15352;90018
875;85295;60637
876;22665;106723
877;79738;127148
878;4723;79485
880;77169;4641
881;109710;8389
882;17545;88884
883;77097;86719
884;4731;4475
885;282;63981
886;76255;3407
887;88889;61495
888;17693;92348
889;92348;114
890;79777;17693
891;75128;3567
892;34552;68749
894;85884;33800
895;87020;3819
896;82161;4256
898;16737;17225
901;69114;17782
902;3394;76255
903;17739;17739
904;23917;52542
905;51352;3791
907;112;58806
908;75177;68374
909;1446;79394
910;6592;58806
911;47907;59071
913;4453;78321
914;4475;61280
915;102906;58073
916;87429;4475
917;27583;86884
918;4475;88909
919;67004;5120
920;17779;73960
921;59283;69114
922;64060;85091
924;71687;9975
925;64115;64800
926;83792;16745
928;8389;23922
930;76749;112074
931;82161;3916
933;51660;57283
934;77066;88027
936;3742;18845
938;77160;65317
940;85523;140
941;8390;68954
942;16831;8390
948;23922;8389
949;21638;39875
950;4608;92302
952;92931;97018
953;88896;112548
959;79352;6736
961;24132;3398
962;8389;8390
963;3482;3482
964;10434;60323
968;11509;4719
970;75102;61365
971;94727;92931
972;3337;13963
974;4642;83803
975;275;75653
978;85556;3112
979;34548;81916
980;23217;64800
982;614;5562
983;76070;86366
984;59174;4848
986;18934;127615
989;13454;64186
990;64186;13454
991;3385;97274
992;75102;14641
993;4419;73909
995;76475;67495
996;18845;3635
997;127171;86884
998;86884;3744
999;127615;4419
1000;3112;127171
1001;56298;6605
1002;149569;4848
1003;149569;68860
1004;114;78638
1005;235;127333
1006;68374;3259
1008;55002;127623
1010;4495;57077
1011;88380;126931
1015;57077;112169
1017;3520;3264
1018;51760;68374
1020;82168;112285
1021;103703;3791
1022;3791;58964
1023;57441;63879
1025;61340;8390
1029;12972;10370
1030;75239;80244
1031;8146;50580
1032;57857;4495
1033;103784;85200
1034;53688;56993
1035;63879;12741
1038;10386;3259
1039;83795;88058
1040;89348;61963
1042;78638;83907
1043;61963;3523
1044;109245;8389
1045;83794;16362
1046;3303;94478
1049;88887;88887
1051;76255;161
1052;120;83052
1053;68105;58806
1054;3421;58806
1055;102206;58634
1056;5590;51833
1057;61169;48544
1058;122074;57944
1062;67423;77756
1064;53708;76486
1065;88886;4319
1066;86366;51528
1067;10370;79951
1068;77755;56813
1070;88840;85042
1071;88840;79483
1072;18934;53250
1074;79404;23923
1075;104579;23917
1077;47732;126994
1080;68364;68374
1083;17257;56995
1084;127032;13383
1085;65208;162
1086;4489;1446
1087;65248;22253
1088;8389;228
1089;65945;85884
1090;155157;55881
1091;68374;11188
1092;65178;58416
1099;77713;25452
1100;61355;57768
1102;3607;48104
1104;64508;62893
1105;17356;3301
1106;111930;4751
1107;12708;47579
1108;64053;79043
1110;76461;60663
1112;24864;24863
1113;85470;159
1114;76070;4733
1116;34558;89339
1117;44559;44559
1118;56812;89327
1119;78874;22260
1120;78337;114
1121;56813;58806
1122;3515;60202
1124;88385;22345
1125;79498;56812
1126;76033;127142
1127;228;57940
1128;22345;22345
1131;85295;76461
1133;55002;60707
1134;1446;57979
1135;3267;25452
1136;49786;16737
1137;25452;127032
1138;75293;79482
1142;89350;11284
1144;62193;90018
1145;64023;76070
1146;78816;68511
1147;59626;55110
1150;13383;18912
1151;1446;275
1152;86884;3403
1153;87020;86884
1154;86884;87020
1155;53250;18934
1156;3560;34559
1157;47907;5628
1158;54926;58035
1159;22253;65248
1160;113976;64538
1162;79483;66032
1163;8390;8389
1164;4357;79352
1166;160;76464
1167;23920;104579
1168;55285;66032
1170;66032;54724
1171;83907;65178
1173;75307;74085
1174;51635;51635
1175;67004;79498
1176;3441;88380
1177;162;3520
1178;87419;79401
1179;86682;78639
1181;51687;4538
1182;52488;55018
1183;77755;56813
1184;52852;58427
1186;87959;67005
1188;4848;83542
1189;4489;1446
1190;68374;54760
1191;55018;4704
1192;68371;3316
1193;65248;22253
1194;65178;58416
1196;15366;111625
1197;113976;8140
1199;76070;78816
1200;18934;53250
1201;9463;18934
1205;79393;49786
1206;106723;12174
1207;92501;87947
1208;59071;47579
1209;88678;93238
1210;71686;79482
1212;55413;51757
1214;76461;61003
1215;88787;1446
1216;88828;17545
1218;21685;51854
1219;34559;4533
1222;88182;92931
1223;76255;11614
1224;58427;54887
1226;58427;58634
1228;55414;80802
1229;73909;3023
1230;162068;58806
1231;3535;127623
1232;60707;3288
1233;127333;83001
1234;79498;89346
1235;1446;57979
1241;21869;56063
1244;64961;9015
1245;62193;90018
1246;88385;22345
1247;23918;57804
1248;92988;51843
1249;59626;4641
1250;88704;75246
1252;76447;88380
1253;1446;161
1255;1446;79394
1258;4743;4412
1260;78815;56175
1261;51843;88904
1265;83001;3059
1266;75247;88576
1267;89349;78331
1269;85091;77020
1270;18362;4848
1271;111625;4574
1272;88902;65248
1273;275;89222
1274;65285;114
1275;162;65285
1276;9526;76064
1277;89343;111
1278;4704;52488
1280;79394;64060
1282;4607;89022
1283;3300;78483
1284;68749;34559
1286;75152;18912
1287;127147;76435
1288;77768;85435
1289;54887;58634
1290;88887;88609
1291;1443;63838
1292;6989;89327
1294;8390;8390
1295;53250;18934
1296;85981;77513
1297;8140;113976
1298;51635;86719
1299;127934;111
1300;92931;162
1304;103701;58806
1305;89222;59242
1306;86719;51635
1308;65178;64199
1309;3588;3588
1310;64199;65178
1311;3566;127143
1312;92502;4731
1313;17636;10736
1315;3588;275
1316;3623;1443
1317;48684;88140
1318;1446;77762
1319;10371;11312
1320;52488;55018
1321;18934;53250
1322;4718;23918
1323;58634;22260
1325;3511;4750
1326;57979;57979
1327;60611;89968
1328;4848;8192
1330;8183;79649
1331;8389;55110
1332;47289;9108
1333;65178;58416
1335;103785;80673
1336;77770;3582
1338;4848;60928
1339;71138;64667
1341;4105;102697
1342;77066;77066
1343;88887;9941
1344;18362;4848
1345;76461;61003
1346;161;1446
1347;77170;1446
1348;15347;78336
1349;52512;3368
1350;77903;45172
1351;4610;114
1352;86682;68374
1353;5359;55562
1356;86683;4126
1357;88575;88576
1358;88134;88043
1359;85046;4483
1360;4483;83108
1361;75651;1508
1362;77903;87959
1363;53250;18934
1364;67600;69255
1366;85295;3415
1367;66113;61161
1368;4750;61963
1370;80244;54729
1372;61023;61023
1374;11312;10370
1375;54647;22257
1376;61963;3520
1378;8192;4848
1379;24864;24863
1381;6990;75117
1382;13383;16945
1384;1446;161
1385;9941;88828
1386;34552;4533
1387;59626;4641
1388;8389;87288
1389;87288;88380
1390;4704;52488
1391;55018;4704
1392;24371;65274
1393;75201;77713
1394;111625;68003
1395;79770;3403
1396;47140;18783
1397;3520;23856
1398;54887;58634
1399;495;4474
1400;127615;95494
1401;162;4639
1402;88828;81413
1404;79738;88141
1405;79369;88140
1406;73909;22388
1407;61279;75239
1408;23856;3520
1409;75159;87930
1410;81413;88887
1411;58634;58427
1412;58783;4565
1413;23918;23918
1414;80802;3530
1415;127032;118
1416;3523;89640
1418;55760;92988
1419;61126;3343
1420;4848;8192
1421;95494;88886
1422;52488;4704
1423;8389;76447
1425;58427;54887
1426;65141;111625
1428;88871;3030
1429;64508;56176
1431;88401;23920
1432;18934;53250
1434;52648;75126
1435;68155;87546
1436;111930;4724
1437;71140;64667
1438;88979;24352
1439;65178;58416
1440;88887;17545
1441;52648;75126
1442;14133;75651
1443;235;1446
1444;88385;17271
1445;3067;22345
1446;55744;22073
1447;55745;58098
1448;3545;61527
1449;77663;69255
1451;80377;3543
1453;54656;89346
1454;89346;56142
1456;55760;51528
1457;68518;75651
1459;3451;61361
1460;73454;9015
1461;106321;52548
1462;53252;3030
1463;79777;89224
1466;75651;34549
1467;61023;8580
1468;87180;29887
1470;3300;3520
1472;85295;76461
1476;8192;4848
1477;25452;127032
1478;4752;1508
1480;4704;52488
1481;155159;87952
1482;80818;88668
1483;58837;60662
1486;89343;94549
1487;3340;61126
1490;1446;4509
1491;22345;22345
1493;47907;5628
1494;65248;22253
1495;22253;4615
1496;88668;13296
1497;75202;95494
1498;54887;104579
1499;88152;17255
1500;25452;113979
1501;13296;11063
1502;11063;21877
1504;88985;1617
1505;3935;86232
1506;89224;61811
1507;88007;86719
1508;79498;56813
1509;89346;85201
1510;86719;87933
1511;4256;86719
1512;86719;4256
1514;9941;88887
1517;99096;58634
1518;61531;79404
1519;89222;76464
1522;76933;77762
1524;4483;4381
1525;73961;73961
1528;5371;73961
1529;68507;76564
1530;82281;12328
1531;127032;25452
1532;79400;9757
1533;79649;83542
1535;63060;54660
1536;52488;4704
1537;18934;53250
1539;65248;22253
1540;1617;61495
1541;65022;73470
1542;18908;25452
1543;79649;60928
1544;56993;89346
1545;68712;56813
1546;88828;9941
1547;76564;110527
1548;1443;77769
1549;77762;1446
1550;51707;4128
1552;3545;9430
1553;92352;139147
1554;61126;150560
1555;61495;76070
1557;13383;4752
1559;128038;61003
1560;150560;22015
1561;23920;88401
1562;89640;127032
1563;88787;74153
1565;50627;12328
1566;4471;56812
1568;57485;161
1569;9757;51380
1570;68147;13383
1571;75266;64078
1572;53405;77713
1575;275;89224
1577;54660;16746
1578;64078;83001
1579;55110;83001
1580;52442;4310
1581;79776;64078
1582;88384;65375
1584;153077;149569
1585;89222;275
1586;3262;64076
1587;54729;64053
1588;9941;88828
1589;85337;4451
1590;89022;88680
1591;51707;4389
1592;88887;17545
1593;132659;22345
1595;23918;23918
1596;23918;23918
1597;4718;11081
1599;51528;82998
1600;76255;3288
1601;92352;57373
1602;3523;3259
1603;79777;75534
1605;62829;22015
1606;102709;16930
1607;16933;3569
1608;161;1446
1609;51758;58806
1611;79498;66909
1612;8389;30558
1614;3569;18889
1616;65178;17122
1617;5651;63891
1618;4308;4308
1619;235;51705
1620;86366;3589
1621;57534;86366
1622;16737;76070
1623;9526;88828
1624;77106;9345
1625;60323;22722
1626;89348;61963
1627;4612;4610
1628;55382;89031
1629;58806;58806
1631;3428;3565
1632;11286;9913
1633;63891;5649
1635;4234;4256
1636;76933;106555
1637;86277;5154
1638;60662;55436
1639;4246;106723
1640;106723;106723
1641;71686;3581
1642;89222;79776
1643;71649;60662
1646;85201;161
1648;78331;51687
1649;161721;9907
1650;86884;4474
1652;21645;87971
1654;79922;88840
1655;98787;62596
1656;80802;67005
1658;77768;51528
1659;61963;1446
1660;84382;162035
1661;15075;87563
1663;21686;21685
1664;162035;84382
1668;102736;17313
1669;86682;87933
1670;75102;56844
1671;87560;79352
1673;78636;4308
1674;76070;86366
1675;326;290
1676;326;290
1677;48463;11530
1679;36454;36437
1681;11530;11530
1682;79777;3096
1684;162062;106321
1686;106321;88527
1690;259;161
1695;51779;61831
1696;51932;67494
1697;8390;8389
1698;55018;58806
1699;162068;58806
1700;106321;3607
1701;3305;3523
1702;86683;28145
1703;75126;79471
1705;52486;55738
1708;3519;27074
1709;77769;27580
1711;18314;79776
1712;65398;18314
1716;57485;106723
1717;88887;88185
1718;59128;4378
1719;88887;79375
1721;58634;58634
1722;89346;14331
1723;73916;55439
1724;56596;86682
1725;17261;85337
1726;27580;86884
1727;51758;235
1728;58919;128038
1729;88853;128038
1730;127143;127143
1731;85470;159
1732;56298;88542
1733;47698;229
1734;10375;11312
1735;52488;55018
1736;277;51528
1737;76577;89640
1738;55760;161137
1739;51380;9757
1740;29888;56635
1741;18934;61531
1742;2636;68013
1743;55018;4704
1746;3518;54756
1747;3860;86947
1748;4615;22253
1751;88679;4128
1752;92501;85445
1753;52488;6809
1754;69255;53250
1755;12708;47579
1756;142901;88909
1757;3288;103703
1758;3288;76033
1759;61293;88904
1760;11286;24356
1761;22388;79738
1762;3535;83001
1763;18853;70351
1765;76461;61003
1767;88828;17545
1768;88401;23920
1770;94479;79738
1772;88640;3368
1773;75651;49785
1775;77768;127615
1776;51705;11286
1777;22388;24356
1778;61963;1446
1779;127711;1428
1782;79498;56812
1785;64985;23053
1786;3998;92352
1788;67523;52912
1789;4617;60908
1791;78479;88923
1793;125;53770
1794;62229;3629
1796;22491;67005
1797;70351;3569
1798;15352;76978
1799;53269;5314
1800;89640;76577
1801;68810;76604
1802;106723;61276
1803;53786;51843
1805;64790;64790
1807;85295;76461
1809;51757;53049
1810;61280;60707
1811;55001;88680
1812;48559;65273
1813;18362;4848
1814;85444;92501
1815;4126;77182
1816;4704;52488
1817;8192;4848
1819;54756;86884
1820;13383;127032
1821;9757;51380
1823;4731;52488
1824;11312;55841
1827;22253;65248
1828;54887;88401
1830;3518;61360
1831;57972;61340
1832;3368;76749
1834;5120;28457
1835;89400;3520
1836;5648;59071
1837;106821;58035
1838;80802;51646
1839;111625;4574
1840;4615;77755
1841;77755;85523
1842;8580;61023
1843;149494;4488
1846;89400;75236
1847;51687;89338
1848;89338;51687
1849;51687;87587
1850;3557;51687
1851;248;77020
1852;374;107
1853;61279;85201
1856;3441;88380
1858;3566;127143
1859;54649;76070
1860;67494;23910
1862;17222;77762
1863;3030;1446
1865;9913;85091
1867;87959;3288
1868;9014;73454
1870;88923;2636
1871;51380;9757
1872;22592;89640
1873;161137;92988
1874;8389;76447
1875;65248;22253
1876;4610;58416
1878;79393;60663
1881;6599;86687
1882;161;1446
1883;79447;61067
1884;86366;89348
1889;159;86366
1890;71237;75386
1893;355;16735
1896;88173;4579
1897;79498;67005
1898;79512;86719
1899;3520;88556
1901;15764;55110
1902;73454;9015
1903;92931;45183
1904;85528;4419
1905;5245;5134
1906;63883;52912
1907;51883;127646
1908;57717;51760
1909;75152;81973
1910;52916;67523
1911;52912;52912
1912;4608;11283
1914;17223;88380
1915;3807;65430
1917;75202;77804
1918;81973;81973
1919;4704;52488
1920;28435;92963
1921;84382;53809
1922;126;4393
1923;9757;51380
1925;77919;84382
1926;55001;60707
1928;22253;4615
1931;3268;94900
1932;79482;3632
1933;88140;85977
1934;64790;5306
1935;85523;4438
1936;57485;161
1937;4327;85046
1939;15973;105506
1941;54887;104579
1944;67492;87886
1945;61147;63891
1946;63891;5649
1948;63999;278
1949;83907;61495
1950;106555;75211
1951;23003;51755
1952;92352;58038
1953;8757;15973
1954;61023;61023
1955;51635;27580
1956;4419;52177
1958;76255;3316
1959;67005;75239
1960;88887;78254
1961;61000;64192
1963;52544;1443
1964;3262;64076
1965;87369;67492
1966;57425;88886
1968;49777;4617
1969;1446;77762
1970;64060;9913
1971;120733;3298
1972;58634;54887
1973;70780;87462
1974;79555;3273
1975;60707;55002
1977;75117;61527
1978;87747;62230
1979;51762;24352
1980;51843;92988
1981;88031;88169
1982;65215;67484
1983;5122;113977
1984;88668;4381
1985;85337;4474
1986;51907;75152
1987;79400;9748
1988;60030;4912
1989;127032;25452
1990;4474;89222
1991;8389;87288
1992;89222;24373
1993;52488;4704
1995;64078;83001
1996;87887;45183
1997;57985;3589
1998;6197;88628
2001;16515;7969
2002;51615;4128
2003;52648;75126
2006;88401;23920
2008;92501;85444
2009;18934;53250
2010;76997;3791
2011;4565;94549
2012;22179;8337
2013;56826;76054
2016;78309;63440
2017;52519;121062
2019;45183;82961
2020;76062;51571
2021;3594;54660
2022;68518;56813
2026;51761;29951
2028;5294;113977
2031;56992;74895
2033;58092;51400
2034;52912;67523
2035;76033;78539
2036;76539;86720
2037;77762;1446
2038;35754;6971
2039;16737;85295
2040;75651;49785
2041;8821;74959
2042;111181;65243
2043;61000;382
2044;61197;57076
2045;161;1446
2046;45183;105582
2047;58390;3023
2049;29890;56635
2050;86719;53704
2052;111;75385
2053;75299;61197
2054;92496;60163
2055;76072;54945
2056;92988;51843
2057;86366;3398
2061;76054;3740
2062;3607;82280
2066;79489;4721
2067;4550;4550
2068;17312;49783
2069;12708;47579
2070;3398;57283
2072;4553;1498
2073;3298;120733
2074;162067;55002
2076;73909;68105
2077;64811;5294
2079;86451;275
2080;69056;11063
2081;45648;17425
2082;105582;105582
2083;71238;108
2084;29950;78325
2086;103703;75651
2087;109147;88923
2088;57778;53989
2089;58503;78636
2092;275;4620
2094;326;11286
2095;56635;88438
2096;59626;59119
2097;56586;88140
2098;84724;51862
2100;88438;88923
2101;8192;4848
2102;75152;81973
2103;4704;52488
2105;4370;3607
2107;51842;87587
2108;22669;6322
2109;54760;59788
2110;58837;60662
2111;88922;73913
2112;57985;29887
2113;87167;10085
2115;51310;4414
2116;8337;99790
2117;94549;16737
2118;3589;88890
2119;78970;127333
2120;80377;75113
2121;76747;63939
2122;73452;3085
2123;4204;65259
2124;25452;127032
2125;88902;26708
2126;4415;64210
2127;3273;79555
2128;53250;18934
2129;54729;48090
2130;4381;88668
2131;99893;8818
2132;90434;23152
2133;8611;54694
2134;54887;88401
2135;81525;60057
2136;75204;60626
2137;88828;17545
2138;88169;88020
2139;17545;88828
2141;7968;16515
2144;65248;22253
2146;56194;3560
2147;58806;58806
2150;94549;78309
2151;63939;57677
2152;1446;161
2153;86626;56992
2155;88887;79375
2156;127146;54803
2157;4912;48039
2158;3082;85936
2159;24467;68389
2160;53809;3627
2162;56832;88575
2163;75266;16741
2164;162;6737
2165;282;64078
2167;64078;62147
2169;8409;3085
2170;5649;4655
2171;88140;57030
2173;3668;3398
2174;3921;3447
2175;73452;86558
2177;3627;75386
2178;88007;86682
2179;22388;3609
2180;275;89222
2181;49779;86884
2182;3283;79498
2183;9612;64199
2184;112074;13176
2185;47907;5628
2186;55110;61501
2187;154100;16668
2188;52184;79489
2190;54803;64210
2191;27583;88543
2192;3768;77679
2194;86560;78992
2197;77341;49779
2198;18934;53250
2200;6707;3901
2201;78636;58503
2202;22052;22229
2203;16668;27078
2205;79400;9757
2206;55760;109193
2207;87959;55002
2208;9757;51380
2209;85003;88267
2212;110527;95494
2213;84975;75151
2214;110527;95494
2215;90022;52548
2216;54656;61276
2217;79528;86366
2218;86353;89222
2219;84536;4381
2221;36025;6971
2222;16515;7969
2223;127032;118
2224;5563;3334
2225;51760;1441
2227;86884;11188
2228;102709;159
2230;4848;8192
2231;6322;22669
2232;88384;87288
2233;87288;87899
2235;60678;47045
2236;1253;47167
2237;16741;87232
2238;51615;4127
2239;48189;3308
2240;45183;3421
2241;45206;92988
2242;88401;23920
2243;16737;49786
2244;76065;3575
2245;3085;73454
2247;17122;88902
2248;3627;53809
2249;77020;3259
2252;90912;162
2253;94483;86687
2254;60030;61940
2255;22179;8337
2256;10084;113977
2257;57706;76054
2258;88143;6808
2259;11283;4251
2260;61270;79401
2262;78638;49779
2263;78337;58416
2264;59071;47579
2265;51761;88355
2267;51544;54660
2269;4551;3267
2270;88884;51571
2271;56992;74895
2272;88630;65215
2273;74151;74151
2275;4610;87880
2276;52912;67523
2277;161;1446
2278;88575;57717
2279;88492;3589
2280;92363;51646
2281;8760;6651
2282;11530;11530
2283;4620;23856
2284;62792;62792
2285;73909;3582
2286;11530;11530
2287;11530;11530
2288;11530;11530
2289;88828;17545
2290;5358;45187
2291;88543;88680
2293;4415;76070
2294;88680;88543
2298;3162;1450
2299;21878;11614
2300;76054;3365
2301;8570;61023
2304;61965;61137
2305;87436;3403
2308;18783;4700
2309;60906;22345
2310;22345;88376
2311;58037;87970
2312;8863;21645
2313;8389;89647
2314;75076;22345
2315;8390;60971
2316;88380;8174
2317;4595;65375
2318;77099;4393
2320;23909;120733
2323;48558;233
2324;4393;5101
2325;47192;61965
2326;64811;127615
2327;3259;77840
2328;57706;111429
2329;11530;11530
2331;88832;76539
2332;79498;56812
2333;108526;4477
2334;67523;52912
2335;86626;56992
2336;82045;77762
2337;29950;65437
2338;51405;15348
2339;22256;3334
2340;3397;4620
2341;75651;49783
2342;47167;1253
2343;127933;64811
2344;74142;68157
2345;109193;88923
2346;85445;87899
2347;8710;85003
2348;25452;64348
2349;139148;22591
2350;63060;61349
2352;4128;4414
2353;85472;12665
2354;12665;85472
2355;53989;103703
2356;14439;127139
2357;9914;10085
2359;60928;4992
2361;22253;79513
2363;74114;88385
2364;91015;6599
2365;21638;21638
2366;58817;16741
2367;94289;1253
2368;9757;51380
2370;149569;68904
2371;3589;76068
2374;107583;54694
2375;3901;6707
2376;27899;77020
2377;56851;114
2378;27575;4639
2379;47255;6322
2380;8337;88384
2381;16734;6731
2382;7968;16515
2383;75651;88867
2384;98140;51857
2385;4704;52488
2386;88385;3082
2387;8791;8791
2388;27575;56832
2389;22256;48090
2390;18912;5280
2392;51400;88513
2393;79913;5157
2394;76933;161
2395;157;84491
2396;59626;65178
2400;61940;48039
2401;3906;227
2402;58460;76255
2403;51750;82998
2404;86719;4256
2406;79922;88840
2408;75177;1617
2409;57717;88575
2410;263;56635
2411;52183;51353
2413;65248;22253
2414;22253;65248
2415;79043;75239
2416;56832;53989
2419;76492;23856
2420;97124;4620
2421;4620;58104
2423;56859;4256
2424;160;3627
2425;76072;62488
2426;23873;84382
2427;14439;4623
2428;67494;87020
2429;86884;11191
2430;53704;3798
2431;88544;77720
2432;120733;3298
2433;9015;73454
2434;55760;109193
2435;26708;22253
2436;30151;61276
2437;61126;3339
2438;79400;9757
2439;3657;52177
2441;55109;75152
2442;77341;64053
2443;65905;128
2444;85354;53688
2445;64053;75385
2446;3791;24132
2447;71985;4248
2449;16515;7969
2450;61023;61023
2451;8192;4848
2452;4848;8192
2453;16740;23152
2455;22253;3339
2456;88498;57725
2457;6322;22669
2458;16741;87232
2459;65022;49779
2460;8791;69049
2461;5294;113977
2462;16746;54660
2463;60704;97058
2464;85512;14168
2465;5888;126699
2466;65178;111896
2467;88680;3263
2468;3260;88680
2469;88787;53809
2470;88401;23920
2471;77097;3589
2472;79649;18362
2473;56708;49786
2476;77020;3259
2477;51857;62496
2478;65250;94549
2479;3085;73454
2480;86953;105582
2481;3099;8337
2482;65102;52184
2483;126978;1446
2485;95494;3030
2486;88828;9941
2488;62792;62792
2489;53769;98140
2490;3081;50862
2491;113977;73103
2492;76464;1446
2493;4483;74151
2494;272;86234
2496;96086;58098
2497;73194;85264
2499;82892;401
2500;12708;47579
2501;8155;61965
2502;73099;60713
2503;3577;127147
2504;56635;29890
2505;162068;58806
2506;85232;58806
2507;88034;80542
2508;27068;78639
2509;127147;17356
2512;420;420
2513;52695;127790
2514;79776;18787
2515;155158;3577
2516;59626;77169
2517;47521;58035
2520;77656;22345
2521;48064;52916
2522;24373;120733
2523;4759;56812
2525;51932;75152
2526;1446;57711
2527;51857;68904
2530;81973;75152
2531;79738;81973
2532;90021;58948
2533;126699;72921
2534;399;62283
2536;87232;53361
2537;76963;61346
2538;77169;326
2539;88147;5294
2540;71063;88498
2541;127341;88173
2542;109147;88923
2545;85472;9840
2547;3589;77768
2548;53989;55414
2549;86823;85472
2552;80542;64811
2554;94549;16737
2555;8389;56846
2556;122;52488
2557;77919;88199
2558;79521;10085
2559;80816;48090
2560;127262;64210
2561;61276;30151
2562;106321;106723
2563;82961;17254
2564;3260;88680
2565;47255;5637
2566;65285;114
2567;162;65141
2568;1503;65259
2569;162067;58806
2570;3259;77020
2571;4453;53989
2572;58035;58035
2573;3421;68079
2574;9757;51380
2575;17545;88828
2576;71238;51528
2577;106723;83666
2582;3800;3836
2585;88227;106321
2586;89968;60611
2588;127262;88904
2590;76461;75269
2591;56194;8389
2592;18939;15356
2593;27078;75124
2594;108526;35702
2595;5649;79686
2596;3544;85091
2597;79649;75114
2598;88909;51757
2599;1446;71686
2600;51528;88408
2601;1446;89224
2602;68515;88542
2603;16740;81527
2604;75124;327
2605;3428;16668
2606;227;3638
2607;54728;85200
2609;88498;8168
2610;23285;4848
2611;66113;61161
2612;89222;85201
2614;4602;88575
2615;88419;5205
2616;85200;161
2617;78814;14331
2618;88859;139148
2620;88385;64210
2621;14492;399
2622;56979;15927
2623;4378;327
2624;70780;62792
2625;11286;23285
2626;85091;98140
2627;86232;273
2628;162068;86366
2629;53553;14385
2630;65374;154212
2631;74143;74143
2632;154212;22345
2633;25452;88787
2634;76747;69056
2635;88141;92931
2636;106268;48139
2637;16741;4726
2638;85201;6731
2639;36437;36437
2641;48139;56063
2642;56063;10395
2643;84270;60742
2645;55398;110083
2646;60742;5434
2647;275;1446
2650;52903;83989
2651;97054;46103
2652;52903;76747
2653;88828;88185
2654;101990;86884
2655;3271;9444
2656;86884;11188
2658;4308;4308
2659;59128;88886
2662;3560;53989
2663;84382;10513
2664;52488;89614
2665;52488;55018
2666;22345;22345
2667;3072;8390
2668;18934;77768
2669;76070;77182
2670;5205;88875
2675;56818;63891
2676;92355;49786
2677;4249;52494
2678;399;14492
2679;51757;3839
2680;26627;51760
2682;111;82998
2683;88859;89346
2684;235;53702
2686;4308;4308
2687;18665;17597
2691;79922;51504
2692;52486;3625
2693;64210;24342
2694;5235;95494
2696;80300;51912
2697;4608;85521
2698;105235;84382
2699;45172;5382
2700;63891;5649
2702;52967;34590
2703;87899;85448
2704;4702;77755
2705;40240;60903
2707;57485;161
2708;98140;51857
2710;97054;61181
2711;85608;50472
2712;27591;3523
2714;61181;97054
2716;4475;87429
2717;77768;139148
2718;139148;68904
2719;63920;59916
2720;275;75534
2721;68882;76068
2723;3589;48558
2725;89346;88859
2726;84486;83669
2727;86884;3112
2728;3449;3398
2729;76492;103702
2731;75128;16668
2732;4615;55110
2733;56194;73909
2734;74649;8934
2735;58806;58806
2736;49786;58806
2737;87824;58043
2738;85470;4452
2740;14335;52542
2741;89343;56993
2742;88485;68882
2743;4565;88922
2745;18934;161
2746;61225;398
2747;16668;327
2748;64790;85046
2749;64790;64790
2751;87887;45183
2753;5164;148039
2754;61495;78539
2755;70780;62792
2756;87822;55860
2757;75114;105582
2758;57077;54712
2761;51941;4463
2762;78874;23918
2764;36437;36437
2765;275;1446
2766;3625;52494
2767;4848;4184
2768;3406;61257
2769;58459;56070
2770;23025;85258
2771;23025;77663
2772;103588;8370
2773;245;61340
2775;19865;77712
2776;84535;4848
2777;61340;75102
2778;68860;14086
2779;4256;86719
2780;86683;3886
2781;51307;3457
2782;86366;75386
2783;75102;6735
2784;4308;4308
2786;142063;102206
2789;399;61225
2792;3742;44699
2793;4456;51528
2794;88874;92355
2796;6677;22345
2800;59071;60259
2802;57985;86884
2803;5244;64100
2804;64100;127946
2805;5244;55431
2806;54709;5245
2809;57972;161
2810;78018;77755
2811;4397;60706
2812;61023;61023
2813;87545;1145
2815;8155;73909
2817;4848;4184
2818;127864;4848
2819;4848;14086
2820;14086;4848
2821;4615;144642
2825;71688;4331
2826;28489;3298
2827;14492;401
2828;88134;75556
2829;88137;55018
2830;35702;108526
2832;6707;3901
2834;55760;109193
2836;65905;52548
2837;79400;9748
2839;8192;4848
2840;14086;61064
2841;4848;8192
2842;88680;87020
2843;67494;23910
2844;75539;22253
2845;49779;4655
2846;77020;55002
2847;54019;4639
2848;4234;79528
2850;4610;54019
2851;88140;89343
2852;88401;23920
2853;60662;391
2854;4848;60928
2855;17727;4126
2856;60259;64667
2857;51857;62496
2858;79489;4721
2859;63939;55896
2860;57706;76054
2861;88787;49779
2863;8155;61965
2864;65153;98140
2865;23918;23918
2867;22257;88401
2868;64210;51571
2869;47546;56818
2870;65430;3807
2872;9268;105582
2873;481;481
2875;65226;49785
2876;78639;75124
2877;161;1446
2878;4620;15790
2879;4340;14335
2880;77755;77755
2881;86353;78302
2882;57677;108
2883;64790;85046
2885;86356;17223
2886;283;85264
2888;3916;3916
2890;85337;61361
2891;3577;75154
2892;23909;120733
2893;61527;84743
2894;22345;22345
2895;88559;14492
2896;75155;3577
2897;79498;56812
2898;109147;88923
2899;57725;77064
2900;75114;45187
2901;13383;4245
2902;66113;61161
2903;61279;88680
2905;84743;77197
2906;79521;127032
2907;23909;86884
2911;53698;78639
2912;17255;60971
2913;21638;21638
2914;3641;127939
2915;127944;11286
2916;63385;16741
2917;92363;51646
2919;3428;5389
2920;83907;77341
2921;75113;61527
2922;108526;35702
2923;4704;263
2926;3807;65430
2927;55002;77020
2928;77020;77020
2929;3901;6707
2930;54887;88401
2931;67524;3586
2932;68890;4162
2934;22253;65248
2935;60971;3076
2937;88887;4239
2938;88887;17544
2939;9941;88828
2940;3085;85936
2941;283;79489
2944;82889;77679
2945;57485;61963
2946;162068;23053
2947;54019;65285
2948;88887;79375
2950;5649;92300
2952;55760;76070
2953;57464;79686
2955;21652;87866
2956;79489;28605
2957;45172;60711
2958;275;89222
2959;57717;88575
2960;64486;57717
2961;4358;56977
2963;3365;84382
2964;5206;86366
2965;53989;52205
2966;54729;85201
2967;3297;88137
2969;28608;79489
2970;154100;53989
2971;89222;275
2972;48558;16668
2973;79922;79922
2975;79375;88887
2976;57555;4615
2977;120733;3298
2980;77341;49779
2981;86366;51528
2982;51547;27078
2983;10085;52403
2984;80802;75155
2985;58503;78636
2986;78636;3586
2987;6707;3901
2988;14492;400
2989;22052;22229
2990;16923;79738
2991;76577;89640
2992;29890;56635
2993;56635;161137
2995;5533;66113
2996;5160;229
2998;88140;3428
2999;60030;4912
3001;4848;83542
3002;16740;23152
3003;81973;75152
3004;6322;22669
3005;15356;49779
3006;79393;49786
3007;47192;78539
3008;56828;5120
3009;65248;22253
3010;77679;52184
3013;17219;55896
3014;52488;4704
3015;86233;3586
3016;18787;62121
3017;51857;62496
3019;77020;3259
3020;105505;3800
3021;88575;6988
3023;71138;64667
3024;8329;87945
3025;8155;61965
3026;5120;3397
3028;75534;57804
3030;79489;283
3031;51676;89352
3032;78639;22247
3033;161;1446
3035;88630;89348
3037;4620;23856
3039;45183;3421
3041;4595;54793
3042;23916;23917
3043;61181;97054
3044;75102;126931
3045;23053;117975
3046;53989;57778
3049;89326;3870
3050;86884;78479
3051;75147;45187
3052;15367;227
3053;57804;4126
3054;62980;62980
3055;87437;5651
3056;85233;79401
3057;12811;79445
3058;82161;75102
3059;97054;46103
3060;481;481
3061;88556;53989
3063;60323;55807
3064;100384;100383
3065;4471;58460
3067;79498;56812
3068;5651;47192
3069;47192;5651
3070;46104;50472
3072;52451;78336
3075;24373;120733
3076;3451;75152
3077;75155;68904
3078;81367;139148
3079;86558;86558
3081;157;27068
3082;162068;6773
3084;399;62283
3085;22052;70002
3088;87135;76539
3089;87904;87904
3090;5566;18789
3091;57541;82161
3093;148039;127147
3094;77249;51843
3095;109147;56635
3096;57551;3628
3097;4374;9422
3098;9422;4374
3099;85472;10091
3101;72921;126699
3102;23903;148039
3103;52760;4471
3104;87945;12165
3105;23285;3076
3106;85936;3082
3107;79528;65028
3108;3085;73454
3111;56813;14334
3112;73452;3085
3114;67523;52912
3115;56635;29887
3116;103703;68712
3117;65178;58416
3118;68882;86233
3119;4704;59283
3120;4752;76577
3121;68712;76464
3122;89348;88630
3127;27078;127032
3128;113977;10085
3129;81973;81973
3131;47255;6322
3132;3259;103699
3134;49786;86363
3135;54826;77679
3137;4531;79498
3138;3316;87952
3139;89349;68371
3140;53989;85201
3141;103701;77020
3142;3300;49779
3143;3582;51857
3144;88902;79513
3145;75542;72921
3146;89338;51842
3148;3557;51687
3150;56586;14340
3151;4199;65259
3153;126699;85521
3154;59626;77970
3155;3807;65430
3156;4718;52201
3158;52201;23918
3159;5650;79686
3161;88604;127032
3163;11530;11530
3167;4912;48039
3169;51635;83907
3171;3900;6707
3173;76464;76933
3174;63437;3854
3175;4848;59174
3177;75386;79489
3178;16740;77817
3179;92354;58806
3180;64053;53989
3181;77970;3569
3183;60323;17392
3185;92363;82998
3186;75128;16668
3188;98719;65285
3191;62750;53698
3192;3262;68712
3193;4749;77341
3194;88142;76464
3195;4694;51528
3196;86558;86558
3197;53698;4622
3198;6592;65178
3199;68712;161
3200;120733;3298
3201;54887;104579
3202;58634;22260
3203;11069;58634
3205;77020;61948
3206;71985;113977
3207;77341;49779
3208;16668;27078
3209;55760;109193
3210;19236;87288
3211;68904;77066
3212;88985;161137
3213;77066;126977
3214;60638;57725
3215;77066;60638
3216;75113;3515
3217;22052;22229
3218;60495;56635
3219;35702;88766
3220;47289;79863
3221;23750;113455
3223;62829;62829
3224;2636;3303
3225;3076;86682
3226;57717;10339
3228;13298;54760
3229;68371;3316
3232;65259;3316
3233;79502;52184
3234;105582;45183
3236;127032;118
3237;52488;4704
3239;56142;57804
3240;63060;49779
3241;14013;3901
3242;88401;23920
3243;4542;3288
3248;79649;18362
3249;88924;98140
3250;77020;3259
3251;52648;75126
3252;86638;61525
3253;4718;23918
3254;8155;5651
3255;4718;3336
3260;65250;17312
3262;24863;24863
3263;77162;8624
3264;88828;17544
3266;9418;4374
3267;23053;49785
3268;56194;56179
3270;4704;4704
3271;4620;23856
3272;88496;88536
3273;275;1446
3275;53786;88099
3276;54729;75098
3277;78638;79528
3278;52494;79738
3280;62981;62980
3282;4641;111896
3285;89349;22727
3286;3061;106321
3287;105209;3288
3288;15348;18783
3289;18783;4702
3290;23892;57677
3291;57677;86366
3292;61181;405
3293;51882;47186
3295;14334;3397
3296;89350;3406
3297;3577;6809
3299;8821;87980
3301;8818;51419
3302;97263;55744
3303;47192;5651
3307;5533;66113
3308;139222;86559
3310;3397;5120
3311;3523;127933
3312;79498;56812
3313;79776;85335
3314;51707;3571
3315;83904;24345
3317;8390;8390
3318;103701;74109
3319;1253;47167
3320;4274;148039
3325;51757;3511
3326;53989;4414
3327;47167;1253
3329;88173;5174
3331;73062;86720
3332;109193;56635
3333;88154;89347
3334;55110;40488
3335;154100;27583
3336;155157;155157
3337;40240;60903
3338;7965;107952
3340;4610;87880
3341;9612;4610
3342;88985;29890
3343;4481;62147
3344;61525;64157
3345;87017;51705
3346;18362;4848
3347;481;86516
3348;88559;60663
3349;87288;227
3350;84968;10370
3351;88904;79738
3353;75152;81973
3354;3901;6707
3356;18912;10085
3357;77340;51381
3358;4716;16741
3359;54660;51544
3360;16741;58816
3361;58816;92348
3362;4848;8192
3363;8192;79649
3364;47044;60678
3366;22253;79513
3368;83386;37524
3369;9757;51380
3370;24356;9214
3372;3316;51758
3373;107583;54694
3374;45183;3421
3376;45183;45183
3377;1446;161
3378;127615;88416
3379;80802;88652
3380;135;68003
3381;4704;52488
3382;283;79489
3383;79489;283
3384;108526;35702
3385;5196;23063
3386;4374;9422
3388;54793;81916
3389;17545;88886
3391;106723;4552
3392;3520;23856
3393;74338;3385
3394;88887;79375
3395;88841;127032
3396;5649;79686
3397;22722;59060
3398;16938;86678
3400;86558;86558
3401;86558;86558
3402;15367;4312
3404;54826;113
3405;107431;63883
3406;4085;89327
3407;275;89222
3408;22253;4615
3409;65248;22253
3410;22253;75539
3412;89327;86232
3414;5306;15364
3415;97058;60705
3416;79404;4403
3417;28600;64210
3418;22400;77092
3419;327;16668
3420;79375;88887
3421;74123;10736
3422;3768;4256
3424;48559;75239
3425;51635;3421
3428;51635;4574
3429;51687;4615
3430;162068;58806
3431;79738;88909
3432;56181;77092
3433;120733;3298
3435;87959;61280
3436;77341;49779
3437;51547;327
3438;6707;3901
3439;35702;108526
3440;30151;61276
3441;62792;62792
3443;88904;75155
3444;11286;75155
3445;61495;3264
3446;51380;9757
3447;29890;56635
3448;77020;61280
3449;127032;13383
3451;65259;89350
3453;57725;77066
3454;60638;57725
3456;47289;78539
3459;106321;48463
3461;51907;75152
3464;16740;23152
3466;65430;78256
3467;24863;24864
3468;71138;64667
3469;8155;5651
3470;65248;22253
3471;76492;78441
3474;56194;51571
3476;50843;55745
3477;22345;65375
3478;60678;47045
3480;88904;78814
3482;78336;89327
3483;161;1446
3484;5651;47192
3485;53361;87288
3486;3397;61276
3487;1446;61963
3489;61276;24576
3490;86683;57030
3491;5120;75154
3495;47192;5651
3498;77341;77341
3500;55002;77020
3501;86366;126977
3502;58503;4565
3505;3900;6707
3506;87586;65028
3507;87288;77338
3509;75196;86683
3510;4704;52488
3511;76698;5397
3512;56635;29890
3515;8821;74959
3516;74961;8818
3517;9757;51380
3518;22253;65248
3520;154195;80816
3522;47907;5628
3523;61172;88568
3524;51571;8389
3525;68749;3399
3526;108526;35702
3527;60225;79686
3528;76255;3394
3529;3394;76255
3530;4374;9422
3532;76275;86234
3535;4509;16668
3536;162068;68712
3537;23920;88401
3538;3740;4620
3540;87437;65259
3541;53553;58806
3542;275;61349
3543;61338;275
3545;120733;3298
3546;85503;85091
3548;52488;55018
3549;54200;62147
3551;60858;60800
3552;35702;108526
3553;16668;27959
3554;11286;75155
3555;6707;3901
3556;51380;9757
3557;52912;67523
3558;64100;89346
3559;127032;25452
3561;4848;8192
3562;65259;89350
3563;54709;54153
3564;88401;23920
3565;55414;8710
3566;8710;75542
3567;89338;51646
3568;65226;55946
3569;79774;27634
3570;17313;27070
3571;75534;23911
3572;60678;47045
3573;77066;57725
3574;60695;60638
3575;77066;61834
3576;61834;77066
3577;68904;57725
3578;61293;78539
3579;64486;57717
3580;77020;55002
3581;67524;3586
3582;9268;105582
3586;9268;105582
3587;105582;85354
3588;23918;23918
3589;4718;23918
3590;86363;4422
3591;57483;66113
3592;61181;97054
3595;47605;88655
3596;97054;46103
3598;112548;61181
3601;72889;76749
3602;3901;6707
3604;23909;85470
3607;106321;58098
3611;579;97054
3612;9108;60906
3613;3298;120733
3614;11063;139148
3615;8389;67631
3616;81367;139148
3617;79446;78539
3618;57078;86353
3620;17178;17095
3623;139148;61181
3624;79498;56812
3625;77092;10362
3626;109193;88923
3627;92352;88896
3628;60742;80540
3629;60742;60742
3632;87746;62230
3633;79483;51863
3634;4704;52488
3636;283;77092
3637;49779;68749
3638;88140;80802
3639;9757;51380
3643;4199;80300
3644;80802;88654
3645;87288;76051
3646;56813;5556
3647;60225;56818
3648;100178;51305
3650;54760;68454
3651;3271;77020
3652;67523;52912
3655;107583;76461
3657;68749;66909
3658;56813;89222
3659;74443;74443
3660;18789;86233
3661;89327;57756
3662;3082;22345
3664;53989;55414
3665;51398;79489
3666;88181;58092
3667;79489;75202
3668;89213;4386
3669;76255;3394
3670;3394;76255
3671;52512;4256
3672;161;68105
3674;54826;84964
3675;83907;87158
3676;88154;60638
3677;51646;4162
3678;27078;16668
3679;73911;160
3683;54887;88401
3685;55002;85201
3686;4386;235
3687;50469;3339
3688;58390;3577
3689;65150;95494
3690;77770;64210
3691;51547;327
3692;55817;86582
3693;46840;12198
3694;88140;75126
3695;3388;27634
3696;12198;68954
3697;3397;61276
3698;23917;23918
3699;88528;6986
3700;88859;92302
3702;61365;88496
3703;79738;3921
3704;36437;36437
3705;4256;86719
3706;4256;86719
3708;16423;50656
3709;78336;87232
3710;57706;10370
3711;56197;14331
3713;22467;61438
3714;86366;75102
3716;64210;88513
3717;61438;75385
3718;54826;79738
3719;8390;8390
3721;13198;13275
3722;94549;75117
3723;55106;61212
3724;22390;4474
3725;62947;9108
3726;6616;85354
3728;3109;767
3729;77768;88867
3730;1145;481
3732;481;88568
3733;77020;4509
3737;154100;69114
3738;65324;69255
3739;4509;77020
3740;86366;4509
3742;85470;75534
3743;3428;111
3745;48684;95494
3746;4509;57283
3747;79483;15347
3748;77338;54954
3750;70005;22052
3751;127262;55414
3752;59071;47579
3753;59071;89350
3754;65250;3588
3755;4477;64155
3756;3397;64635
3757;27583;27583
3758;88438;67492
3759;56974;23918
3760;86626;61265
3761;79404;127933
3763;54826;79738
3764;36674;36503
3765;4719;56544
3766;78336;87232
3767;56544;99342
3768;5120;142063
3769;85315;68154
3771;481;7651
3772;84382;84382
3773;79603;55547
3774;65825;55896
3777;16423;50656
3778;7287;78587
3779;106557;9907
3781;16739;4749
3785;14013;22550
3786;10360;14338
3787;85258;110440
3791;126982;44594
3792;78587;54826
3793;4746;79776
3795;61345;60682
3796;56194;4552
3798;120733;3298
3801;15347;49779
3802;62567;62792
3803;70780;62567
3804;70780;87462
3806;76577;89640
3807;6707;3901
3808;40488;87288
3809;79400;9757
3810;56635;161137
3812;65905;128
3813;86823;96230
3814;85472;10091
3816;75237;62152
3817;159057;113977
3818;4489;1446
3822;2636;3303
3823;61023;64076
3824;52488;4704
3825;18908;25452
3826;127032;25452
3827;72921;126699
3829;92937;86366
3830;88140;89343
3831;77020;61280
3832;92363;3589
3834;67524;3586
3835;111625;80198
3836;4043;21878
3837;64155;61525
3839;8155;108879
3840;127703;111996
3843;74963;60678
3844;60678;47045
3845;79502;52184
3846;481;481
3847;85337;61361
3848;16737;57804
3850;54765;4480
3852;67492;98140
3853;45183;3421
3854;49783;75651
3855;79498;55053
3859;161;68712
3860;3298;120733
3862;55382;102697
3863;59912;89640
3864;89640;78638
3865;3061;127934
3866;54456;60444
3867;18783;64053
3871;3577;61495
3888;3589;126985
3896;88678;23923
3904;86232;63883
3907;3560;3577
3934;47907;5641
3943;127934;56181
3964;58092;154195
3969;6707;3901
4018;89327;11204
4050;56833;65102
4054;88904;88875
4059;79777;27575
4067;8390;8390
4088;56859;76539
4090;629;764
4093;1446;4489
4095;85042;53536
4121;83525;18942
4124;75237;108
4154;89222;275
4157;127147;6592
4165;17122;56844
4169;61023;61023
4187;35702;108526
4190;11286;75155
4192;18908;56635
4226;65430;3807
4227;88840;56846
4231;56194;56179
4232;64238;82961
4236;45184;87960
4237;85354;105582
4239;88136;5186
4248;75541;4405
4260;75386;4721
4303;63435;79489
4304;283;49779
4315;75206;107
4318;108526;35702
4319;68712;88689
4321;107;54765
4325;275;89222
4336;17356;127623
4341;89224;275
4344;24576;6988
4351;51547;327
4359;127032;25452
4379;61340;4752
4399;48684;3259
4402;65465;65806
4415;88149;88138
4417;56833;3628
4419;3535;61811
4449;4473;75537
4450;61276;61811
4452;17727;61950
4465;1617;77020
4491;103621;60052
4541;59071;47579
4556;1443;61261
4560;51842;89338
4564;17356;4003
4587;23873;79498
4649;81367;5382
4655;6624;88376
4657;6736;127141
4675;82818;86772
4683;62792;62792
4703;3628;113977
4707;3543;67642
4710;113975;64811
4723;8390;154212
4752;4489;1446
4772;52134;108
4780;75206;3742
4786;51918;68882
4787;80181;74114
4789;64210;51571
4800;65208;4483
4805;88385;8408
4809;4477;65259
4824;68515;29890
4826;79448;67642
4836;18362;67631
4844;61963;61340
4879;248;77020
4947;108;60626
4952;3398;55001
4955;14095;3577
4960;92348;58806
4962;56635;29890
5001;4303;6441
5016;3386;87288
5019;127032;25452
5029;126977;77066
5047;16537;82765
5051;82765;47109
5067;51761;51307
5072;76933;17217
5075;283;85958
5079;75811;106723
5083;58781;128038
5117;57440;18783
5119;74334;107
5127;55760;109193
5150;51371;9420
5154;4253;27070
5160;4053;4043
5168;87554;44047
5180;60626;108
5208;282;64078
5212;79452;60626
5220;27078;4361
5230;52648;126977
5273;7294;47109
5286;161156;3971
5296;53791;86366
5314;3542;54690
5316;88029;64348
5385;86884;11191
5388;86884;11191
5390;86884;11188
5391;86884;11191
5416;8389;8390
5420;65208;68154
5436;89326;58806
5438;4350;51758
5458;88787;127878
5463;75102;75102
5486;65374;21645
5514;76074;75205
5585;88385;22345
5596;59124;77769
5647;77020;59038
5648;127143;127143
5668;127032;25452
5697;27076;73192
5709;86677;56833
5726;16739;4719
5743;52134;17225
5774;89224;275
5780;63435;79489
5783;60997;6614
5784;52205;22019
5833;58781;76435
5835;45625;3303
5838;87904;4330
5847;63972;88544
5863;55433;61974
5879;23918;61181
5891;85251;88500
5895;7968;59903
5899;88175;51307
5909;76978;4550
5910;54826;68512
5938;127032;13383
5941;25452;127032
5943;13383;127032
5944;27078;127032
5945;79400;9748
5947;87463;83962
5955;3500;89640
5962;89338;51646
5963;51705;3301
5965;89640;116226
5988;79483;111
6009;79861;54140
6043;58781;75386
6100;22345;22345
6101;84527;47159
6103;85938;75067
6126;22345;17271
6127;17271;22345
6133;22345;89647
6137;5151;15608
6169;29880;44461
6177;52913;127262
6189;6616;4459
6191;78336;75537
6196;54826;127615
6238;3577;4721
6247;61495;3577
6251;78639;4330
6252;4330;4309
6256;4509;63437
6273;54826;77128
6284;62147;76065
6298;24356;22388
6303;6441;88575
6310;89222;275
6334;8389;281
6353;55002;25452
6364;87288;79482
6368;79482;87288
6384;24864;24863
6390;52486;111
6397;34554;50962
6402;4374;9418
6407;109193;88923
6417;59912;56977
6419;83806;6988
6427;79772;162
6432;4169;75591
6449;88889;52183
6463;85512;3886
6491;6809;4710
6521;86417;85512
6525;126978;1616
6580;53989;88654
6597;4330;77160
6599;5720;6773
6622;79452;53989
6623;3586;4162
6630;76249;3569
6652;55001;114
6664;3554;65178
6695;65248;22253
6706;70537;74151
6708;16739;109710
6740;56859;54826
6755;4161;4483
6757;4169;75591
6758;18934;161
6763;48136;48136
6768;52761;10716
6769;64348;4274
6770;87288;79482
6771;60705;75118
6773;92932;87288
6775;4274;127032
6780;23917;78874
6784;68519;78309
6794;34548;82899
6800;6322;98250
6805;103702;87288
6817;4458;5232
6819;23918;23918
6829;25365;106929
6832;76062;88011
6859;97018;61204
6863;580;10717
6865;49785;74109
6869;23918;23917
6874;9422;4374
6875;3397;89339
6880;99959;57804
6882;25378;88642
6883;25376;25427
6884;3162;61280
6895;77341;49779
6898;79400;9757
6908;4263;90986
6959;76539;23904
6974;11312;10375
7024;77713;25452
7038;75811;75537
7042;4331;87288
7046;4721;3304
7049;61361;283
7059;65208;68154
7078;51398;3288
7084;15348;18912
7089;76464;68712
7093;54945;79489
7094;10519;53325
7099;50545;10519
7147;114;49785
7156;53989;65287
7186;61059;74109
7238;4255;127032
7244;376;21880
7249;79913;5172
7252;5174;79913
7253;65311;154195
7276;95531;23285
7282;88680;3577
7287;4718;4718
7311;94549;3577
7324;60663;57070
7330;1446;1446
7382;57600;1446
7383;79362;88141
7388;88141;79362
7389;92964;3421
7394;6751;113977
7397;1446;57979
7416;85264;283
7457;3551;54690
7480;47546;48541
7509;17356;58806
7511;4274;76539
7516;3542;67642
7553;79448;3609
7559;61947;79394
7571;57778;4394
7594;12207;95494
7622;62490;79489
7623;283;49779
7631;48040;61161
7640;4594;65375
7641;8329;60936
7648;47186;47194
7650;79491;57353
7656;87288;81527
7658;92934;87288
7660;76464;127623
7664;76464;68712
7668;68712;88787
7674;76464;75811
7681;75811;76464
7707;22345;21645
7713;4280;78636
7732;10519;53325
7734;58460;76255
7738;87960;85987
7743;78636;56859
7744;56194;8389
7746;79452;92964
7747;100176;76464
7807;68749;3399
7817;4642;88402
7820;4204;54826
7825;88402;4642
7835;51843;92988
7840;88543;88175
7858;63863;61136
7863;65208;4456
7866;78336;75537
7868;88559;61230
7873;45208;89031
7885;87970;87970
7892;88902;113973
7896;64334;5244
7908;1446;57985
7919;2663;481
7958;45208;89031
7965;51705;86890
8047;56832;67642
8054;4344;88141
8086;65208;85337
8090;4452;4620
8110;87288;81527
8112;92934;87288
8118;51758;56176
8144;4344;88141
8145;77713;25452
8147;100178;89349
8159;108;63982
8163;3403;58806
8193;57762;51851
8215;58806;58806
8249;77020;85201
8255;65259;4456
8256;78334;75537
8257;65208;75542
8259;4483;75537
8267;3517;57762
8279;92988;52205
8294;1443;80395
8298;76007;89222
8340;103703;61345
8353;22461;21645
8376;17090;16141
8380;50545;112548
8396;56582;113976
8405;23918;23918
8424;6648;74151
8431;92361;88030
8450;155158;274
8453;3807;65430
8469;154212;22345
8474;4160;75386
8480;127032;51542
8498;22345;17268
8529;103703;55110
8547;21879;56584
8549;79362;88141
8550;61965;47192
8551;47192;5651
8555;56584;3060
8579;40051;40050
8593;79362;88141
8595;57045;47109
8618;88141;5365
8622;65215;4481
8623;4471;6614
8624;5365;88141
8648;57961;3030
8663;75386;65178
8665;127623;67641
8680;40488;87288
8684;79502;52184
8687;56818;48541
8688;72921;126699
8707;4486;3303
8709;52544;3334
8711;22345;22345
8744;76464;3632
8746;6809;4256
8748;6649;6626
8769;51842;64634
8771;5533;57762
8775;74895;5120
8776;162068;58806
8781;58806;58806
8797;1441;61963
8806;15764;77102
8819;76698;61023
8820;4609;6626
8830;61963;76963
8847;92348;58806
8866;103702;65286
8896;16916;23285
8914;23256;56812
8917;22345;65378
8932;49786;3436
8933;3604;4251
8961;22345;22345
8975;51687;3369
8992;76464;78256
8994;272;91952
9000;3085;73454
9006;12169;87945
9011;61527;4129
9026;108526;35702
9036;88902;113973
9039;57778;51850
9041;73454;3085
9045;58806;58806
9050;76459;88787
9076;65374;22345
9086;79352;95494
9090;95494;4239
9098;4239;56859
9117;88787;76694
9123;76460;3628
9147;95494;88141
9164;22345;87899
9202;6667;22345
9236;8389;22345
9260;56711;127623
9262;61495;76464
9276;22726;55881
9280;52544;3334
9288;4234;88141
9298;77713;25452
9318;59626;78479
9320;3061;55875
9333;22461;65375
9334;21675;76464
9346;1443;79738
9347;79738;55881
9348;22345;65375
9364;5650;79686
9387;76070;4477
9391;127148;127145
9458;154195;22345
9459;127623;76464
9462;10297;10297
9473;22726;1443
9490;10297;10297
9500;23909;120733
9504;84382;12207
9538;127789;76978
9545;88528;10349
9550;65374;21645
9562;1446;76464
9582;10297;10297
9596;53708;127032
9601;48541;61965
9619;6614;1450
9624;22345;22345
9649;3298;120733
9664;8390;8404
9666;51646;89338
9669;85233;127944
9670;75239;76464
9686;87178;76978
9703;76464;85232
9705;57283;61811
9706;22345;22345
9719;6614;4432
9731;4542;55414
9733;4477;75537
9744;1446;76464
9749;79375;88887
9759;4344;88141
9768;22345;88380
9769;21645;21645
9795;6736;17693
9803;76464;68712
9806;68712;76464
9835;65153;79483
9843;3315;16482
9858;127623;76464
9868;78256;55881
9874;108879;47192
9900;88498;14439
9901;76255;76255
9905;6614;4459
9908;73454;22345
9936;79362;88141
9941;88678;77762
9945;3302;23067
9952;68904;61811
10044;76464;68712
10054;127032;76978
10055;22345;154212
10056;154212;22345
10061;76255;47189
10063;52205;23923
10068;481;3762
10069;58427;87543
10096;56818;75196
10099;68515;64113
10106;22345;22345
10111;15367;28147
10117;22253;4615
10122;88380;22345
10131;4625;79483
10134;78256;1443
10145;8155;61965
10162;22345;74921
10185;76464;1446
10193;1446;86521
10197;75239;76464
10210;21899;481
10224;87988;22345
10241;76464;85200
10255;1446;61293
10289;3577;56995
10290;76464;1446
10294;3304;16483
10299;79483;4625
10309;109710;4378
10313;17261;65375
10316;3303;45625
10322;76464;127933
10331;76464;1446
10345;76978;127032
10347;64076;58806
10363;88828;9941
10376;22345;88380
10384;79489;76052
10392;127946;108
10393;17225;58806
10415;1443;22726
10416;22726;1443
10426;3421;481
10432;49779;14439
10439;154195;65375
10446;34554;14439
10450;76255;60999
10459;89208;3304
10467;23873;4509
10472;79489;14439
10482;3577;56995
10485;79489;14439
10486;68712;76464
10493;64024;3577
10500;127623;76464
10507;22262;64076
10508;18565;18562
10509;79489;87288
10515;66909;3577
10529;88498;14439
10531;3453;14439
10539;3303;45625
10550;89224;14439
10551;14439;79489
10560;22345;6668
10561;3067;22345
10577;45625;3303
10596;76255;61201
10602;76464;1446
10607;1446;76464
10615;76933;61948
10616;3303;45625
10621;79489;57070
10622;57070;79489
10624;23905;77182
10652;76464;61495
10653;61495;76464
10658;88828;9941
10662;1446;76464
10663;76464;88654
10678;77762;82045
10692;76464;1446
10695;56995;3577
10708;10371;10371
10717;88498;14439
10721;21645;154195
10725;22345;6682
10736;3303;23067
10745;79489;14439
10776;15790;34554
10779;34554;14439
10791;88498;14439
10794;74143;154212
10796;87895;22345
10814;14439;23223
10815;52763;58427
10821;65374;22345
10827;34554;14439
10850;14741;4128
10879;79489;14439
10880;14439;79489
10894;127623;64100
10908;77713;13383
10932;79489;14439
10937;14439;79489
10938;79489;14439
10940;87288;79489
10957;14439;79489
10960;61203;3577
10973;14439;79489
10976;88828;109710
10977;109710;88887
10978;21675;4128
10979;14439;92348
10980;92348;14439
11004;14439;79489
11005;79489;14439
11006;14439;75534
11007;76464;1446
11010;88828;109710
11011;109710;88828
11013;1450;16664
11046;52713;4723
11047;4723;52713
11048;52713;3314
11050;22345;83669
11067;51646;89338
11070;139222;3666
11072;85124;61338
11073;22345;85448
11084;52713;4723
11087;88887;84382
11100;4456;4551
11106;4616;65218
11109;62490;67260
11123;75239;3530
11127;76464;88680
11144;14741;4127
11146;79489;14439
11148;21899;481
11150;79489;14439
11167;109710;88887
11178;149557;53677
11179;91059;18849
11189;34554;14439
11191;22262;79489
11197;76464;88654
11203;14439;79489
11221;76464;51757
11223;106723;76464
11229;59071;59074
11256;88498;14439
11258;103703;34554
11259;34552;54656
11263;67260;17787
11269;89338;3535
11294;14439;88498
11298;67260;89339
11302;89339;67260
11318;79489;14439
11327;14439;481
11340;14439;34554
11356;56142;17730
11387;14086;79489
11391;34554;157
11419;1446;57600
11429;3399;14439
11431;51936;76278
11448;88498;14439
11461;84492;8782
11463;22345;22268
11484;6689;90878
11490;21899;481
11494;75385;89349
11498;57070;14334
11542;76464;108
11545;25472;8075
11555;88887;78309
11571;51687;89338
11587;79489;14439
11604;61948;88485
11630;25452;127032
11651;108;76464
11652;22345;5702
11663;57551;3393
11679;76464;127623
11702;75386;45624
11720;326;86363
11748;87898;65375
11750;25452;3288
11756;22345;154195
11757;154195;22345
11758;154212;22345
11766;22345;8346
11785;14439;34554
11800;65374;22345
11823;52201;57077
11830;114;23873
11853;107431;57725
11921;58044;87543
11922;61204;58044
11943;88101;49785
11983;30084;30084
12008;4731;88904
12010;22345;85904
12011;85904;22345
12035;4302;6441
12044;56980;58427
12046;4394;77699
12066;160;75202
12127;4704;85528
12133;34554;14439
12138;64348;51766
12139;76978;127032
12141;4721;11286
12144;76464;75811
12145;108;76464
12171;17268;22345
12172;83472;68158
12178;126994;6772
12180;88402;3101
12193;481;58044
12198;385;481
12202;85232;52689
12203;127032;25452
12204;481;391
12212;65317;4704
12252;22461;65375
12271;23856;3571
12279;14439;34554
12284;63930;58806
12301;34554;155158
12307;74143;83663
12309;83663;22345
12316;22345;22345
12325;1192;556
12333;52134;76464
12344;76464;68712
12345;68712;76464
12369;56544;481
12379;2637;6731
12392;77182;61338
12401;27583;53702
12403;77713;13383
12410;34554;103703
12456;274;23905
12493;64060;113976
12494;48176;61974
12520;4509;14439
12522;22262;34554
12525;22345;142884
12552;79362;88141
12553;89347;89349
12555;79369;88140
12557;77804;79362
12580;22345;22345
12581;22345;74656
12583;22345;22345
12608;85523;4451
12617;113976;8140
12642;87449;13383
12684;160;110527
12692;13383;77713
12694;76464;85200
12695;85200;76464
12710;78585;5246
12718;45625;3303
12721;76464;128038
12723;85200;76464
12729;14439;27580
12731;34554;14439
12732;14439;34554
12743;86672;45101
12744;3303;45625
12760;45101;45101
12761;154195;87900
12762;74143;65375
12790;481;34554
12794;22345;22345
12796;27580;14439
12799;22262;89373
12804;89224;274
12807;23918;4718
12817;64078;58806
12826;76464;3632
12832;3632;76464
12858;76464;1446
12860;73454;22345
12896;14439;34556
12908;23053;79738
12925;22262;34554
12956;160;23905
12970;58043;11067
12978;79362;88141
12986;22262;34554
13005;3303;23067
13010;3586;4162
13011;45647;56979
13023;53708;27575
13056;56859;16923
13066;87904;6626
13067;14417;79389
13080;68712;76464
13095;481;12328
13097;24863;24863
13099;127984;53769
13100;16730;57562
13112;30095;30095
13120;127032;15356
13124;22345;65375
13145;51310;68515
13146;87563;71106
13152;51868;67446
13156;60172;125
13157;30117;72606
13159;14074;60858
13171;75192;92988
13197;22256;75192
13199;82961;227
13245;27078;24373
13257;8390;22345
13258;75386;14439
13261;61293;57713
13263;4278;105555
13264;6680;22345
13267;57713;58806
13281;405;481
13282;481;3819
13334;89348;14240
13335;24200;8389
13337;25452;67005
13343;3315;103701
13348;9234;60720
13350;22262;481
13352;22262;61338
13354;59087;61134
13364;75202;54765
13387;14240;22256
13390;113976;8140
13414;27583;85072
13419;14439;103702
13476;14240;22256
13495;89351;14240
13497;21638;22345
13507;84172;76275
13568;77770;161136
13572;61280;481
13575;4162;3586
13584;85739;75811
13590;10;44993
13602;5248;5140
13610;52759;69396
13630;4470;54893
13634;14240;22256
13643;21645;21638
13644;22345;65375
13645;17263;74656
13646;142905;22345
13681;77106;77770
13684;481;3588
13698;14240;22256
13730;87903;22345
13735;58806;68105
13758;64053;16740
13768;51619;61356
13776;14240;51404
13779;45625;3303
13785;24373;75738
13790;61292;1446
13800;8154;61965
13817;127032;88030
13827;88141;68092
13828;8155;61965
13845;27634;68105
13848;48064;92779
13857;23285;23285
13858;78334;64348
13862;56859;4308
13916;5306;17312
13983;4655;8155
13991;8760;8764
14007;23920;13383
14012;88568;10480
14040;8155;87417
14047;44946;45098
14050;3405;61059
14059;21642;22345
14068;14334;34554
14069;86627;481
14077;75113;61527
14080;59423;127267
14135;77203;53702
14176;77002;79043
14178;3304;3530
14179;3530;3315
14180;56859;16923
14186;76452;103702
14189;49779;14439
14210;76977;127032
14217;88896;55002
14227;73916;24132
14230;162;56586
14242;77769;4459
14248;68836;3515
14274;127032;4329
14275;22345;65375
14278;4329;64468
14280;4480;4946
14283;15356;127032
14310;98256;61141
14311;65374;65379
14312;65379;22345
14326;59168;83907
14328;5298;5158
14335;127032;4315
14341;15356;127032
14370;50678;15590
14409;87898;86504
14413;60720;9234
14421;17221;79394
14422;127332;126986
14423;89031;80244
14428;58806;58806
14486;76464;3632
14492;3632;75102
14498;51757;16737
14501;35702;108526
14532;481;394
14548;49779;23874
14595;76978;11281
14607;85739;38449
14624;58037;65333
14625;4510;89348
14639;69255;3742
14643;89348;61201
14646;92937;22259
14654;22075;401
14666;88737;68013
14721;18908;76460
14757;3998;57894
14762;89351;75386
14773;87903;65375
14774;65374;154212
14775;74143;83663
14827;57283;85512
14830;48100;405
14855;21878;481
14857;3844;405
14862;55745;62001
14868;8410;8351
14871;4394;14086
14889;83799;78585
14904;88141;5365
14907;88896;3814
14915;45101;45099
14942;4199;4231
14952;481;86391
14957;30196;61065
14965;22256;14240
14966;74151;74151
14979;8155;4655
15011;88787;3632
15021;106723;76464
15031;27078;22256
15036;64470;89349
15039;139148;52544
15041;81410;14240
15059;57485;57979
15061;58806;3405
15067;5400;5306
15068;61128;63891
15069;63891;5553
15078;58806;64076
15126;51401;4750
15131;3648;76255
15134;4394;62274
15157;127615;127937
15169;85470;4452
15219;126977;63900
15232;4475;88513
15233;88513;85523
15235;58806;58806
15237;82542;103710
15241;88654;87827
15242;85470;4451
15244;68157;59242
15250;88141;77720
15272;76464;68712
15273;68712;76464
15282;112268;81702
15292;75590;22388
15297;77770;92363
15298;58806;58806
15308;9221;56793
15329;22345;22345
15330;77720;88141
15342;25452;3288
15387;4394;66302
15388;76464;3632
15393;61955;71296
15394;3632;76464
15448;4610;58477
15452;73454;3085
15456;8346;22345
15488;45101;45101
15522;6450;6450
15527;67524;3586
15528;86023;16006
15529;4718;4718
15543;78639;76979
15561;58781;103699
15570;3953;103670
15614;27583;85072
15630;89350;75386
15647;76464;127933
15686;88678;76464
15692;5158;127888
15742;84934;57466
15759;62221;7966
15774;14314;14174
15780;18641;14297
15787;83611;22708
15789;6592;3405
15800;3450;51936
15841;3627;127933
15843;127933;57566
15859;88142;51383
15877;83907;78036
15879;78254;121
15884;56632;61527
15915;76979;5157
15919;8155;4655
15931;22400;4474
15933;4474;88909
15944;58806;58806
15964;6809;67005
15972;88787;59912
15974;78336;3060
15991;55110;79491
15997;15356;56879
15999;4401;88859
16003;67781;87543
16023;5265;75247
16030;60377;60420
16047;22345;8346
16049;22345;154212
16070;6669;22345
16073;85131;82045
16103;95494;5365
16105;5365;95494
16115;87288;79482
16118;79482;87288
16123;127;88737
16176;61343;111
16195;52195;3262
16205;83907;76464
16240;60471;70404
16249;273;5717
16252;76255;3921
16266;76464;127933
16276;127615;66302
16277;51682;82045
16278;4394;51829
16280;55760;62274
16282;79376;5365
16284;5365;4239
16300;51705;112245
16310;112548;23918
16312;14322;14174
16318;3627;68712
16319;4946;4946
16330;17273;85939
16333;85937;65375
16334;84494;3082
16356;56635;88438
16358;52760;3921
16359;88438;88923
16378;16941;16944
16379;127148;16941
16420;127615;82045
16451;55413;69397
16494;60534;60534
16496;86391;127404
16509;17739;61831
16534;58806;17225
16551;4718;4718
16569;17222;113976
16574;61831;85512
16584;154195;17255
16592;61345;52134
16614;3304;61355
16643;13383;66909
16653;76255;3921
16660;127148;79491
16665;247;80380
16685;76255;3921
16697;64199;56635
16735;14110;88227
16737;10339;48097
16751;3588;56142
16754;45121;91733
16755;75299;135
16804;8821;127575
16809;60147;3060
16822;3303;5242
16823;76464;3632
16825;3632;16740
16842;111;67269
16844;79491;22491
16857;87543;23223
16862;3390;87449
16902;3632;76555
16919;76552;3632
16935;135;6205
16952;114;3297
16982;76552;3632
16988;3080;7983
16990;76464;85232
16998;22345;22345
17003;22345;22345
17028;85512;88737
17060;76552;3632
17077;58035;88385
17082;62635;62637
17086;64348;51766
17113;408;424
17123;75208;64160
17144;57441;58806
17145;88787;79352
17146;79352;93236
17148;76555;85975
17176;85233;55109
17179;52134;64160
17190;22345;22345
17215;76552;3632
17251;13383;56586
17258;3632;76552
17261;55881;113976
17297;56194;4608
17306;76464;68712
17374;61340;273
17392;51390;61438
17410;15790;55881
17422;76255;3921
17459;76464;108
17462;8393;22345
17464;62792;62792
17485;107;76464
17502;57283;4509
17521;87288;81527
17524;16941;16944
17527;81527;87288
17536;5246;127032
17550;76552;3632
17564;55110;88678
17569;65374;21645
17579;51766;53361
17587;86460;4175
17598;76464;127615
17599;127615;76464
17606;87971;8832
17610;4394;62277
17615;76255;161156
17619;127032;16658
17621;55860;5496
17629;58919;61950
17637;18790;51936
17671;58806;75386
17674;58806;49779
17699;22253;14240
17701;76255;84944
17778;58806;49786
17782;15356;54918
17792;75208;64160
17826;4278;78636
17835;86667;64160
17847;54765;126984
17856;126984;86365
17879;273;61293
17895;235;61811
17949;87288;16944
17950;81527;87288
17965;14331;59903
17968;22345;154212
17969;74143;87904
17972;83658;87971
17973;161418;83658
17989;76464;54700
17993;75239;67641
18002;111;58806
18009;73960;12207
18036;76464;3632
18037;9449;45098
18071;162035;12207
18088;3457;68105
18121;52697;54918
18169;154212;87897
18213;85512;89222
18216;17268;22345
18298;8351;8811
18302;88649;87429
18306;44993;3305
18317;5377;88141
18329;92302;57464
18340;85233;87288
18348;6773;77064
18351;22345;154212
18396;23923;58806
18420;78337;3303
18447;4128;14741
18456;23893;61368
18481;14335;75097
18520;23223;16740
18562;4224;14741
18600;57283;54765
18641;4750;128
18657;3601;83907
18662;58806;111
18663;58806;23923
18672;56544;58964
18673;22345;154212
18674;154212;22345
18677;65214;87429
18683;100334;54283
18719;89275;3586
18725;17760;4027
18761;76464;3632
18763;3632;76461
18772;89275;3586
18813;58806;23923
18819;61947;14086
18841;8155;3304
18869;88859;85337
18890;76255;161156
18902;58806;23923
18903;58806;155158
18911;111;58806
18916;23918;4718
18963;54369;60420
18964;16735;3403
18969;79863;8155
18971;61965;47192
19004;76464;3632
19007;71648;401
19051;60621;4477
19053;48104;71168
19055;87162;18934
19056;61361;84964
19061;89401;5327
19062;112285;76255
19065;61296;106723
19067;85434;24131
19074;79394;4493
19076;4272;4272
19077;89349;481
19079;24132;76461
19084;87542;54153
19085;78261;54153
19091;78587;86640
19099;45625;3303
19102;56194;60995
19103;60420;80819
19117;89235;47126
19120;23223;481
19212;58806;111
19222;68515;4231
19248;16735;49779
19254;4128;14741
19269;76464;75103
19270;85232;87288
19280;22491;63437
19305;61831;5720
19313;8155;57464
19337;58806;17356
19340;111;58806
19368;76464;127615
19371;63060;82045
19378;21933;21933
19399;76464;68712
19406;68712;76464
19465;76464;3632
19471;3632;53361
19519;87542;407
19521;88686;111
19522;76464;75239
19528;407;87542
19530;111;58806
19535;64022;126977
19547;106723;76461
19570;64100;64001
19571;64001;76464
19580;76464;75103
19590;77659;22345
19592;76255;161156
19615;8351;60971
19622;103701;3535
19623;83907;53361
19648;86640;83795
19649;88175;6735
19653;162067;6592
19654;8154;5651
19656;79394;56596
19657;34554;481
19659;58806;58806
19660;85327;160
19661;35702;108526
19662;35702;108526
19671;65178;98140
19679;78336;75147
19684;82281;64520
19689;25452;67003
19728;77679;56844
19733;111;58806
19734;58806;64076
19735;61963;73911
19750;57677;50469
19768;4272;4272
19795;23918;79630
19799;45625;3303
19831;64076;58806
19833;57756;57283
19839;60148;74959
19852;75239;106723
19859;106723;76464
19913;23923;58806
19925;82878;63863
19945;92953;4770
19973;14439;49779
19980;92300;8189
20057;87752;68588
20072;135;88737
20076;48680;138
20093;54695;3632
20094;58806;64076
20099;3632;54709
20120;57070;34554
20125;5712;277
20141;22345;22345
20197;58085;36955
20198;34554;89351
20225;78261;61211
20232;11272;85339
20237;18459;76949
20244;22345;77762
20245;77762;65375
20246;127615;88543
20289;14439;34552
20290;76255;3921
20316;76464;68712
20319;68712;88787
20328;13303;71167
20370;87933;56844
20379;22345;22345
20382;56708;113976
20393;76464;3632
20399;3632;76461
20416;76464;85200
20420;56992;76461
20460;58806;23923
20500;34554;89349
20521;14439;481
20525;6742;76464
20537;3857;405
20538;13999;481
20547;65374;154195
20548;154195;22345
20550;88385;22345
20571;155158;58806
20587;4393;86639
20599;76464;85201
20605;85200;76464
20608;5712;47126
20667;61338;77762
20673;65374;22345
20676;154212;22345
20708;18784;18934
20712;52760;162
20724;5649;79686
20729;127262;80802
20730;22262;34554
20743;85939;8351
20753;127262;51830
20762;4422;51390
20769;6592;111
20814;22345;154195
20815;154195;21645
20822;85247;103703
20823;49786;24344
20825;162062;103703
20856;127615;77182
20859;22345;22345
20912;127623;127615
20916;34554;76464
20948;76464;68712
20954;88787;59912
20955;4310;88828
20956;51504;64348
20958;88828;68509
20964;89351;69397
20977;87135;5261
20980;76464;127615
20986;3398;376
20999;58806;23923
21003;58806;111
21022;68512;85200
21025;58806;155158
21028;17268;22345
21034;1513;127333
21039;85512;63900
21040;22345;22345
21041;85201;76464
21043;27580;58806
21058;8390;22345
21066;142884;65375
21084;22345;85937
21085;85901;22345
21132;22345;22345
21145;22345;21642
21146;87989;22345
21151;127615;61270
21179;76464;85201
21182;85201;128038
21183;128038;76464
21188;8154;61965
21241;135;88737
21245;86363;77064
21261;52134;76464
21269;162068;53709
21270;23923;58806
21273;56833;64076
21313;76464;85201
21314;85201;76464
21336;85901;22345
21339;56142;77182
21346;161;58806
21348;58806;111
21350;127615;88678
21353;52460;5389
21354;85987;88140
21361;127934;82045
21368;45625;3303
21377;3303;23067
21379;68882;75202
21420;111;58806
21434;86424;75202
21435;63995;82045
21447;77762;61335
21452;3405;58806
21471;22345;65375
21481;14335;481
21486;22345;22268
21489;78166;17223
21494;155158;56793
21532;88141;5389
21533;61293;89350
21535;88149;88140
21537;83907;51760
21544;77663;22345
21571;87429;8155
21585;22345;77659
21586;77659;87899
21588;58806;111
21590;14439;17596
21591;3415;34554
21595;88787;127933
21609;58806;111
21610;23923;58806
21649;8359;27081
21664;76464;85201
21665;85201;76464
21691;75202;18784
21700;56142;233
21702;73062;53065
21714;53536;58806
21724;21642;22345
21743;23873;34554
21747;88493;61065
21757;56142;75202
21771;53704;58806
21772;58806;58806
21773;58806;111
21774;65374;74143
21782;62148;87149
21784;282;5122
21785;22345;22345
21790;49779;23910
21797;76464;85201
21800;81973;51904
21801;161;58806
21811;45625;3303
21814;87903;22345
21828;22345;88380
21830;87898;22345
21890;83663;74143
21895;22345;3074
21897;49779;22262
21919;14438;23923
21921;58806;61293
21922;61293;58806
21926;61338;127615
21936;9941;88887
21940;58806;61293
21941;61293;58806
21947;14439;34554
21951;3588;18944
21972;76464;85200
21973;85200;76464
21978;76464;85200
21980;75239;67641
21990;3303;61293
21994;76464;85200
21996;85200;76464
22011;68013;7288
22021;80813;34554
22042;22345;22345
22058;88543;76464
22070;14439;58806
22072;75266;64078
22090;127147;58806
22098;76464;85201
22101;85201;76464
22108;75239;64100
22122;86358;75202
22148;22389;11283
22193;3303;23067
22201;107;3609
22261;154212;22345
22277;22345;21638
22278;21638;22345
22283;22345;71709
22284;71709;21645
22296;3443;1446
22320;22345;21645
22332;22345;22345
22400;54765;127937
22433;54765;127937
22450;153816;17324
22460;15151;60049
22467;92354;75202
22470;3308;10730
22511;60049;15151
22515;54765;127170
22544;56142;75202
22549;54765;127937
22609;5122;282
22611;3589;56142
22634;85131;76464
22766;56142;3589
22791;30552;22345
22797;23223;481
22798;14439;61203
22802;5345;54651
22808;14096;61065
22822;85898;22345
22823;3814;8918
22853;66013;127981
22859;58819;58835
22869;258;154100
22871;22345;88380
22890;92348;75202
22895;56142;3589
22898;3589;85315
22901;18944;3405
22904;76464;68712
22905;68712;76461
22916;61065;14096
22929;5152;127032
22932;76464;88680
22933;88680;75811
22936;75811;76464
22941;87989;22345
22945;154212;21645
22975;58806;111
22977;58806;76963
22978;61293;58806
23001;23873;49779
23005;73911;17221
23008;56142;68882
23052;3421;111
23055;56142;75202
23069;4594;22345
23089;23923;58806
23097;65374;65398
23117;58806;58806
23148;61292;1446
23152;21645;85937
23235;93226;1505
23244;45625;4231
23251;56142;62632
23268;92349;85201
23269;85201;92348
23281;77197;86682
23286;48123;56060
23287;74120;87983
23290;17221;58806
23325;92967;118
23349;61293;57732
23378;61963;61296
23388;21642;22345
23398;61296;55053
23399;55053;61295
23413;154195;22345
23449;88141;92931
23457;71307;77131
23466;107;75233
23482;62531;86564
23488;87369;36137
23529;88050;5237
23542;87369;36137
23549;56142;92348
23573;92931;45186
23586;22345;22461
23587;74143;22345
23589;135;88737
23599;56142;3589
23629;16039;16028
23638;58806;64039
23641;88141;77720
23701;22345;8346
23702;8346;85904
23760;108;76464
23786;76464;3632
23787;3632;16741
23809;58806;23923
23811;56142;92348
23823;3535;58806
23829;75202;3744
23830;56181;76464
23842;22268;22345
23855;65374;17268
23863;85512;75202
23888;76552;3632
23908;65311;6655
23910;22345;21642
23915;93238;88143
23927;61293;58806
23948;3535;58806
23964;76464;56813
24013;18784;276
24018;21642;22345
24040;13269;61276
24074;58806;23923
24075;58806;3535
24084;3315;103701
24094;3627;127615
24104;127615;76464
24113;65348;3304
24116;76552;3632
24118;3930;74959
24124;75128;16658
24133;16923;95494
24142;83669;85447
24145;77064;61963
24192;108;77182
24198;3535;58806
24205;16006;60377
24235;58806;3457
24260;88559;14492
24263;65374;87900
24291;76552;3632
24296;4344;16923
24321;58590;56089
24347;60729;16933
24354;65178;75141
24403;77182;127615
24404;77182;75202
24446;99634;81953
24447;22358;22345
24451;88501;68436
24453;61963;58806
24475;76464;85200
24478;85200;76464
24479;21645;154212
24487;76464;127933
24511;85072;5305
24526;15824;56299
24529;68712;76464
24530;87172;5248
24531;21645;85906
24548;58806;58806
24570;76552;3632
24581;22345;87898
24582;87898;74143
24583;17268;65374
24601;3304;8155
24611;58806;58806
24619;76552;3632
24636;58806;3403
24639;22345;58037
24663;79511;113977
24680;76278;86363
24736;22345;58033
24742;18787;85512
24754;4344;79378
24773;5383;5389
24785;58806;85201
24787;3535;58806
24791;18787;4451
24792;53696;47936
24836;3162;75128
24838;75128;89352
24853;88684;61963
24872;58806;61293
24874;61293;58806
24920;79362;88141
24922;88684;77762
24924;235;325
24940;58806;3535
24963;127615;75202
24966;45620;85189
24971;88684;61963
25002;4234;88143
25006;3523;127946
25017;65348;3315
25069;68712;76461
25071;18783;68515
25088;22345;154212
25089;22345;154212
25095;22345;22345
25096;3535;58806
25101;86639;127933
25106;77182;63060
25108;127615;82045
25138;78547;24365
25157;44397;44602
25166;16933;76552
25170;79362;88141
25173;22345;8146
25174;8146;22345
25179;88684;50469
25182;76552;3632
25190;88140;16923
25193;88050;5261
25214;65274;54893
25220;162;3307
25231;58806;3535
25241;3535;58806
25258;73192;76033
25272;235;325
25291;79362;88141
25297;88544;54709
25306;18187;77528
25308;56299;139147
25330;53708;89351
25341;92302;57464
25346;77131;55414
25349;68712;76461
25350;162035;79435
25379;76464;64002
25382;64002;75202
25383;5377;95494
25390;88141;74085
25398;74085;88140
25399;88140;16923
25414;75147;5361
25429;18787;76278
25446;56142;23905
25455;88684;61963
25460;60049;15151
25467;274;56831
25468;17268;87900
25469;87900;21645
25483;103699;52177
25486;75386;58806
25495;4340;55110
25496;87214;113977
25498;34561;4491
25499;47568;85137
25508;127933;88906
25509;76464;85232
25510;85232;56813
25513;8423;88380
25514;65374;22345
25517;9074;5140
25537;88904;77119
25544;86456;18647
25561;76555;3632
25609;77182;127615
25637;88141;88141
25638;88684;57600
25643;79394;88684
25645;84743;4224
25646;82161;56142
25648;4224;4121
25661;58806;23923
25677;127262;4415
25695;92302;57464
25715;78349;61811
25720;79482;72263
25723;18636;18649
25728;16424;83181
25729;105544;75724
25735;16923;53688
25754;53708;21628
25815;11455;22345
25830;65374;154212
25831;154212;22345
25850;3101;22345
25855;57566;51571
25858;22345;22345
25877;77768;77102
25879;58806;58806
25897;76552;3632
25913;1446;61296
25987;6592;85201
26001;52177;3569
26002;88684;57706
26006;4752;78441
26014;77120;4483
26046;49777;88684
26049;85435;92349
26050;92348;76464
26053;76464;56142
26055;76552;3632
26056;97694;56142
26059;3916;3922
26063;79446;21628
26064;1428;3336
26067;16923;88141
26122;274;86363
26131;22345;3097
26133;85937;65375
26144;23909;4752
26194;235;88684
26196;15151;60022
26197;60022;15151
26201;96018;16266
26205;18939;76464
26207;58806;111
26224;62215;88143
26249;61296;71063
26255;53708;82872
26272;56142;85289
26288;127615;76464
26294;17783;87732
26298;79378;76517
26318;76464;64001
26319;64002;22558
26322;68092;16923
26348;76552;3632
26368;58806;3535
26371;69255;68105
26384;27081;75126
26391;15151;60050
26403;56829;61963
26406;21628;61293
26420;4128;4129
26422;4126;4142
26431;76464;3632
26434;3631;76461
26450;76552;3632
26464;22491;66909
26473;8155;8154
26509;58806;111
26537;85445;83666
26542;88684;160
26569;1446;4509
26588;103703;127944
26610;67002;75128
26627;49786;75386
26632;93226;3581
26658;76464;64001
26660;64002;63060
26668;127789;22558
26758;14124;15844
26767;162062;103701
26783;3535;58806
26785;77659;22345
26805;127615;82045
26824;4481;67495
26860;76464;56142
26861;51544;74109
26862;74109;1446
26870;4419;62840
26872;77064;80239
26877;15151;60050
26880;60050;15151
26894;88140;79378
26896;88141;68374
26909;106723;3403
26919;76464;127615
26924;127615;82045
26930;60133;112976
26931;60022;15151
26932;122903;3339
26935;8393;87945
26939;92350;75202
26940;277;77064
26942;86682;79369
26959;17545;40680
26975;69396;75128
27010;53702;21628
27025;5358;86735
27049;92302;57464
27053;99096;11063
27055;5248;9069
27056;9069;5140
27060;58806;3535
27061;58806;23923
27062;88119;18647
27063;58806;98140
27064;88787;127615
27065;77182;3030
27066;18647;4689
27069;127615;82045
27071;76464;68712
27074;68712;76464
27075;82283;88141
27098;88684;61963
27099;88141;16923
27101;5383;88141
27124;3315;8155
27135;61811;17739
27187;52460;16923
27188;5383;88141
27192;77064;61963
27196;23905;325
27200;18647;60525
27201;60525;18647
27204;5248;76979
27206;135;88737
27208;76979;5140
27214;60662;73916
27215;71158;64210
27220;58806;111
27221;56833;85201
27232;127615;82045
27240;88684;89275
27243;4489;60638
27301;21645;85937
27302;85937;22345
27303;22345;22345
27327;88684;3447
27340;88684;1617
27347;58806;3535
27348;58806;3535
27353;154212;22345
27367;50469;107
27375;6701;100180
27380;88737;11529
27410;8155;3304
27459;76464;56813
27474;5248;60608
27520;60050;15151
27527;47568;85137
27528;18787;14741
27532;100334;16006
27556;13245;13574
27560;88787;54918
27568;54918;64160
27603;85987;88141
27628;82283;4234
27639;15151;60050
27649;73909;161
27653;76464;64002
27667;77182;75202
27678;75386;55002
27727;13251;13421
27763;51382;6520
27781;92931;79369
27799;76464;3632
27803;68712;76461
27818;154018;23256
27832;76464;64002
27833;64002;127615
27843;56176;22558
27860;77817;88141
27887;107470;60140
27974;92348;3744
27981;85337;18647
27983;77182;75202
27987;12198;36209
28018;87172;5248
28048;18787;77092
28053;15366;4457
28132;75239;54709
28175;52201;139148
28176;27575;3259
28179;16737;16741
28181;85201;58806
28192;15151;60050
28196;3061;59889
28216;58806;58806
28225;3535;58806
28232;76464;127933
28252;127615;76464
28253;9408;54310
28269;4415;80802
28271;4419;75269
28273;52201;76461
28274;143022;100176
28303;76464;85201
28354;88141;16923
28355;97023;88141
28359;6332;56818
28390;14300;18647
28406;18646;9159
28443;127615;16739
28460;87904;21645
28466;23892;88737
28483;131;81525
28487;47579;59889
28488;16735;52542
28489;6592;58806
28497;5149;4704
28500;22345;88380
28501;22345;149598
28505;77064;61280
28511;71238;56142
28521;87989;22345
28535;11455;22345
28547;64100;64053
28548;63939;3586
28592;15073;18647
28611;15151;60022
28616;45625;86504
28626;15151;60050
28635;8155;79686
28653;6669;58503
28685;60931;75154
28694;77099;56142
28696;79362;89347
28699;18647;88119
28701;67785;56818
28702;67785;61965
28703;10785;75196
28707;325;21628
28709;67002;89352
28715;75152;67002
28717;27074;61343
28724;22345;22345
28725;67267;60931
28726;18647;74135
28729;82089;18655
28761;71063;54660
28764;89352;3162
28769;4714;4718
28778;104791;67787
28791;15151;60022
28813;18655;18712
28826;18647;14162
28834;4415;78334
28848;162068;75385
28849;54709;76062
28853;4562;77131
28859;22345;6637
28860;6637;65375
28868;86683;22558
28878;100178;78334
28885;45625;5133
28893;56831;58806
28904;6592;58806
28938;88141;5383
28942;3403;92348
